[0.073s] [34mcolcon[0m [1;30mDEBUG[0m [32mCommand line arguments: ['/usr/bin/colcon', 'build', '--symlink-install'][0m
[0.073s] [34mcolcon[0m [1;30mDEBUG[0m [32mParsed command line arguments: Namespace(log_base=None, log_level=None, verb_name='build', build_base='build', install_base='install', merge_install=False, symlink_install=True, test_result_base=None, continue_on_error=False, executor='parallel', parallel_workers=24, event_handlers=None, ignore_user_meta=False, metas=['./colcon.meta'], base_paths=['.'], packages_ignore=None, packages_ignore_regex=None, paths=None, packages_up_to=None, packages_up_to_regex=None, packages_above=None, packages_above_and_dependencies=None, packages_above_depth=None, packages_select_by_dep=None, packages_skip_by_dep=None, packages_skip_up_to=None, packages_select_build_failed=False, packages_skip_build_finished=False, packages_select_test_failures=False, packages_skip_test_passed=False, packages_select=None, packages_skip=None, packages_select_regex=None, packages_skip_regex=None, packages_start=None, packages_end=None, allow_overriding=[], cmake_args=None, cmake_target=None, cmake_target_skip_unavailable=False, cmake_clean_cache=False, cmake_clean_first=False, cmake_force_configure=False, ament_cmake_args=None, catkin_cmake_args=None, catkin_skip_building_tests=False, mixin_files=None, mixin=None, verb_parser=<colcon_mixin.mixin.mixin_argument.MixinArgumentDecorator object at 0x7f2fa7dc8f40>, verb_extension=<colcon_core.verb.build.BuildVerb object at 0x7f2fa7ec5ea0>, main=<bound method BuildVerb.main of <colcon_core.verb.build.BuildVerb object at 0x7f2fa7ec5ea0>>, mixin_verb=('build',))[0m
[0.172s] [34mcolcon.colcon_core.package_discovery[0m [1;30mLevel 1[0m discover_packages(colcon_meta) check parameters
[0.173s] [34mcolcon.colcon_core.package_discovery[0m [1;30mLevel 1[0m discover_packages(recursive) check parameters
[0.173s] [34mcolcon.colcon_core.package_discovery[0m [1;30mLevel 1[0m discover_packages(ignore) check parameters
[0.173s] [34mcolcon.colcon_core.package_discovery[0m [1;30mLevel 1[0m discover_packages(path) check parameters
[0.173s] [34mcolcon.colcon_core.package_discovery[0m [1;30mLevel 1[0m discover_packages(colcon_meta) discover
[0.173s] [34mcolcon.colcon_core.package_discovery[0m [1;30mLevel 1[0m discover_packages(recursive) discover
[0.173s] [34mcolcon.colcon_core.package_discovery[0m [1;30mINFO[0m Crawling recursively for packages in '/home/hdm/tracker_plus_ttttt/tracker_plus'
[0.173s] [34mcolcon.colcon_core.package_identification[0m [1;30mLevel 1[0m _identify(.) by extensions ['ignore', 'ignore_ament_install']
[0.173s] [34mcolcon.colcon_core.package_identification[0m [1;30mLevel 1[0m _identify(.) by extension 'ignore'
[0.173s] [34mcolcon.colcon_core.package_identification[0m [1;30mLevel 1[0m _identify(.) by extension 'ignore_ament_install'
[0.173s] [34mcolcon.colcon_core.package_identification[0m [1;30mLevel 1[0m _identify(.) by extensions ['colcon_pkg']
[0.173s] [34mcolcon.colcon_core.package_identification[0m [1;30mLevel 1[0m _identify(.) by extension 'colcon_pkg'
[0.173s] [34mcolcon.colcon_core.package_identification[0m [1;30mLevel 1[0m _identify(.) by extensions ['colcon_meta']
[0.173s] [34mcolcon.colcon_core.package_identification[0m [1;30mLevel 1[0m _identify(.) by extension 'colcon_meta'
[0.173s] [34mcolcon.colcon_core.package_identification[0m [1;30mLevel 1[0m _identify(.) by extensions ['ros']
[0.173s] [34mcolcon.colcon_core.package_identification[0m [1;30mLevel 1[0m _identify(.) by extension 'ros'
[0.185s] [34mcolcon.colcon_core.package_identification[0m [1;30mLevel 1[0m _identify(.) by extensions ['cmake', 'python']
[0.185s] [34mcolcon.colcon_core.package_identification[0m [1;30mLevel 1[0m _identify(.) by extension 'cmake'
[0.185s] [34mcolcon.colcon_core.package_identification[0m [1;30mLevel 1[0m _identify(.) by extension 'python'
[0.185s] [34mcolcon.colcon_core.package_identification[0m [1;30mLevel 1[0m _identify(.) by extensions ['python_setup_py']
[0.185s] [34mcolcon.colcon_core.package_identification[0m [1;30mLevel 1[0m _identify(.) by extension 'python_setup_py'
[0.185s] [34mcolcon.colcon_core.package_identification[0m [1;30mLevel 1[0m _identify(build) by extensions ['ignore', 'ignore_ament_install']
[0.185s] [34mcolcon.colcon_core.package_identification[0m [1;30mLevel 1[0m _identify(build) by extension 'ignore'
[0.185s] [34mcolcon.colcon_core.package_identification[0m [1;30mLevel 1[0m _identify(build) ignored
[0.185s] [34mcolcon.colcon_core.package_identification[0m [1;30mLevel 1[0m _identify(help) by extensions ['ignore', 'ignore_ament_install']
[0.185s] [34mcolcon.colcon_core.package_identification[0m [1;30mLevel 1[0m _identify(help) by extension 'ignore'
[0.185s] [34mcolcon.colcon_core.package_identification[0m [1;30mLevel 1[0m _identify(help) by extension 'ignore_ament_install'
[0.185s] [34mcolcon.colcon_core.package_identification[0m [1;30mLevel 1[0m _identify(help) by extensions ['colcon_pkg']
[0.185s] [34mcolcon.colcon_core.package_identification[0m [1;30mLevel 1[0m _identify(help) by extension 'colcon_pkg'
[0.185s] [34mcolcon.colcon_core.package_identification[0m [1;30mLevel 1[0m _identify(help) by extensions ['colcon_meta']
[0.185s] [34mcolcon.colcon_core.package_identification[0m [1;30mLevel 1[0m _identify(help) by extension 'colcon_meta'
[0.185s] [34mcolcon.colcon_core.package_identification[0m [1;30mLevel 1[0m _identify(help) by extensions ['ros']
[0.185s] [34mcolcon.colcon_core.package_identification[0m [1;30mLevel 1[0m _identify(help) by extension 'ros'
[0.185s] [34mcolcon.colcon_core.package_identification[0m [1;30mLevel 1[0m _identify(help) by extensions ['cmake', 'python']
[0.185s] [34mcolcon.colcon_core.package_identification[0m [1;30mLevel 1[0m _identify(help) by extension 'cmake'
[0.185s] [34mcolcon.colcon_core.package_identification[0m [1;30mLevel 1[0m _identify(help) by extension 'python'
[0.185s] [34mcolcon.colcon_core.package_identification[0m [1;30mLevel 1[0m _identify(help) by extensions ['python_setup_py']
[0.185s] [34mcolcon.colcon_core.package_identification[0m [1;30mLevel 1[0m _identify(help) by extension 'python_setup_py'
[0.185s] [34mcolcon.colcon_core.package_identification[0m [1;30mLevel 1[0m _identify(install) by extensions ['ignore', 'ignore_ament_install']
[0.185s] [34mcolcon.colcon_core.package_identification[0m [1;30mLevel 1[0m _identify(install) by extension 'ignore'
[0.185s] [34mcolcon.colcon_core.package_identification[0m [1;30mLevel 1[0m _identify(install) ignored
[0.185s] [34mcolcon.colcon_core.package_identification[0m [1;30mLevel 1[0m _identify(log) by extensions ['ignore', 'ignore_ament_install']
[0.185s] [34mcolcon.colcon_core.package_identification[0m [1;30mLevel 1[0m _identify(log) by extension 'ignore'
[0.185s] [34mcolcon.colcon_core.package_identification[0m [1;30mLevel 1[0m _identify(log) ignored
[0.185s] [34mcolcon.colcon_core.package_identification[0m [1;30mLevel 1[0m _identify(src) by extensions ['ignore', 'ignore_ament_install']
[0.186s] [34mcolcon.colcon_core.package_identification[0m [1;30mLevel 1[0m _identify(src) by extension 'ignore'
[0.186s] [34mcolcon.colcon_core.package_identification[0m [1;30mLevel 1[0m _identify(src) by extension 'ignore_ament_install'
[0.186s] [34mcolcon.colcon_core.package_identification[0m [1;30mLevel 1[0m _identify(src) by extensions ['colcon_pkg']
[0.186s] [34mcolcon.colcon_core.package_identification[0m [1;30mLevel 1[0m _identify(src) by extension 'colcon_pkg'
[0.186s] [34mcolcon.colcon_core.package_identification[0m [1;30mLevel 1[0m _identify(src) by extensions ['colcon_meta']
[0.186s] [34mcolcon.colcon_core.package_identification[0m [1;30mLevel 1[0m _identify(src) by extension 'colcon_meta'
[0.186s] [34mcolcon.colcon_core.package_identification[0m [1;30mLevel 1[0m _identify(src) by extensions ['ros']
[0.186s] [34mcolcon.colcon_core.package_identification[0m [1;30mLevel 1[0m _identify(src) by extension 'ros'
[0.186s] [34mcolcon.colcon_core.package_identification[0m [1;30mLevel 1[0m _identify(src) by extensions ['cmake', 'python']
[0.186s] [34mcolcon.colcon_core.package_identification[0m [1;30mLevel 1[0m _identify(src) by extension 'cmake'
[0.186s] [34mcolcon.colcon_core.package_identification[0m [1;30mLevel 1[0m _identify(src) by extension 'python'
[0.186s] [34mcolcon.colcon_core.package_identification[0m [1;30mLevel 1[0m _identify(src) by extensions ['python_setup_py']
[0.186s] [34mcolcon.colcon_core.package_identification[0m [1;30mLevel 1[0m _identify(src) by extension 'python_setup_py'
[0.186s] [34mcolcon.colcon_core.package_identification[0m [1;30mLevel 1[0m _identify(src/rm_auto_aim) by extensions ['ignore', 'ignore_ament_install']
[0.186s] [34mcolcon.colcon_core.package_identification[0m [1;30mLevel 1[0m _identify(src/rm_auto_aim) by extension 'ignore'
[0.186s] [34mcolcon.colcon_core.package_identification[0m [1;30mLevel 1[0m _identify(src/rm_auto_aim) by extension 'ignore_ament_install'
[0.186s] [34mcolcon.colcon_core.package_identification[0m [1;30mLevel 1[0m _identify(src/rm_auto_aim) by extensions ['colcon_pkg']
[0.186s] [34mcolcon.colcon_core.package_identification[0m [1;30mLevel 1[0m _identify(src/rm_auto_aim) by extension 'colcon_pkg'
[0.186s] [34mcolcon.colcon_core.package_identification[0m [1;30mLevel 1[0m _identify(src/rm_auto_aim) by extensions ['colcon_meta']
[0.186s] [34mcolcon.colcon_core.package_identification[0m [1;30mLevel 1[0m _identify(src/rm_auto_aim) by extension 'colcon_meta'
[0.186s] [34mcolcon.colcon_core.package_identification[0m [1;30mLevel 1[0m _identify(src/rm_auto_aim) by extensions ['ros']
[0.186s] [34mcolcon.colcon_core.package_identification[0m [1;30mLevel 1[0m _identify(src/rm_auto_aim) by extension 'ros'
[0.186s] [34mcolcon.colcon_core.package_identification[0m [1;30mLevel 1[0m _identify(src/rm_auto_aim) by extensions ['cmake', 'python']
[0.186s] [34mcolcon.colcon_core.package_identification[0m [1;30mLevel 1[0m _identify(src/rm_auto_aim) by extension 'cmake'
[0.186s] [34mcolcon.colcon_core.package_identification[0m [1;30mLevel 1[0m _identify(src/rm_auto_aim) by extension 'python'
[0.186s] [34mcolcon.colcon_core.package_identification[0m [1;30mLevel 1[0m _identify(src/rm_auto_aim) by extensions ['python_setup_py']
[0.186s] [34mcolcon.colcon_core.package_identification[0m [1;30mLevel 1[0m _identify(src/rm_auto_aim) by extension 'python_setup_py'
[0.186s] [34mcolcon.colcon_core.package_identification[0m [1;30mLevel 1[0m _identify(src/rm_auto_aim/armor_detector) by extensions ['ignore', 'ignore_ament_install']
[0.186s] [34mcolcon.colcon_core.package_identification[0m [1;30mLevel 1[0m _identify(src/rm_auto_aim/armor_detector) by extension 'ignore'
[0.186s] [34mcolcon.colcon_core.package_identification[0m [1;30mLevel 1[0m _identify(src/rm_auto_aim/armor_detector) by extension 'ignore_ament_install'
[0.186s] [34mcolcon.colcon_core.package_identification[0m [1;30mLevel 1[0m _identify(src/rm_auto_aim/armor_detector) by extensions ['colcon_pkg']
[0.186s] [34mcolcon.colcon_core.package_identification[0m [1;30mLevel 1[0m _identify(src/rm_auto_aim/armor_detector) by extension 'colcon_pkg'
[0.186s] [34mcolcon.colcon_core.package_identification[0m [1;30mLevel 1[0m _identify(src/rm_auto_aim/armor_detector) by extensions ['colcon_meta']
[0.186s] [34mcolcon.colcon_core.package_identification[0m [1;30mLevel 1[0m _identify(src/rm_auto_aim/armor_detector) by extension 'colcon_meta'
[0.186s] [34mcolcon.colcon_core.package_identification[0m [1;30mLevel 1[0m _identify(src/rm_auto_aim/armor_detector) by extensions ['ros']
[0.186s] [34mcolcon.colcon_core.package_identification[0m [1;30mLevel 1[0m _identify(src/rm_auto_aim/armor_detector) by extension 'ros'
[0.188s] [34mcolcon.colcon_core.package_identification[0m [1;30mDEBUG[0m [32mPackage 'src/rm_auto_aim/armor_detector' with type 'ros.ament_cmake' and name 'armor_detector'[0m
[0.188s] [34mcolcon.colcon_core.package_identification[0m [1;30mLevel 1[0m _identify(src/rm_auto_aim/armor_executor) by extensions ['ignore', 'ignore_ament_install']
[0.188s] [34mcolcon.colcon_core.package_identification[0m [1;30mLevel 1[0m _identify(src/rm_auto_aim/armor_executor) by extension 'ignore'
[0.188s] [34mcolcon.colcon_core.package_identification[0m [1;30mLevel 1[0m _identify(src/rm_auto_aim/armor_executor) by extension 'ignore_ament_install'
[0.188s] [34mcolcon.colcon_core.package_identification[0m [1;30mLevel 1[0m _identify(src/rm_auto_aim/armor_executor) by extensions ['colcon_pkg']
[0.188s] [34mcolcon.colcon_core.package_identification[0m [1;30mLevel 1[0m _identify(src/rm_auto_aim/armor_executor) by extension 'colcon_pkg'
[0.188s] [34mcolcon.colcon_core.package_identification[0m [1;30mLevel 1[0m _identify(src/rm_auto_aim/armor_executor) by extensions ['colcon_meta']
[0.188s] [34mcolcon.colcon_core.package_identification[0m [1;30mLevel 1[0m _identify(src/rm_auto_aim/armor_executor) by extension 'colcon_meta'
[0.189s] [34mcolcon.colcon_core.package_identification[0m [1;30mLevel 1[0m _identify(src/rm_auto_aim/armor_executor) by extensions ['ros']
[0.189s] [34mcolcon.colcon_core.package_identification[0m [1;30mLevel 1[0m _identify(src/rm_auto_aim/armor_executor) by extension 'ros'
[0.189s] [34mcolcon.colcon_core.package_identification[0m [1;30mDEBUG[0m [32mPackage 'src/rm_auto_aim/armor_executor' with type 'ros.ament_cmake' and name 'armor_executor'[0m
[0.189s] [34mcolcon.colcon_core.package_identification[0m [1;30mLevel 1[0m _identify(src/rm_auto_aim/armor_tracker) by extensions ['ignore', 'ignore_ament_install']
[0.189s] [34mcolcon.colcon_core.package_identification[0m [1;30mLevel 1[0m _identify(src/rm_auto_aim/armor_tracker) by extension 'ignore'
[0.190s] [34mcolcon.colcon_core.package_identification[0m [1;30mLevel 1[0m _identify(src/rm_auto_aim/armor_tracker) by extension 'ignore_ament_install'
[0.190s] [34mcolcon.colcon_core.package_identification[0m [1;30mLevel 1[0m _identify(src/rm_auto_aim/armor_tracker) by extensions ['colcon_pkg']
[0.190s] [34mcolcon.colcon_core.package_identification[0m [1;30mLevel 1[0m _identify(src/rm_auto_aim/armor_tracker) by extension 'colcon_pkg'
[0.190s] [34mcolcon.colcon_core.package_identification[0m [1;30mLevel 1[0m _identify(src/rm_auto_aim/armor_tracker) by extensions ['colcon_meta']
[0.190s] [34mcolcon.colcon_core.package_identification[0m [1;30mLevel 1[0m _identify(src/rm_auto_aim/armor_tracker) by extension 'colcon_meta'
[0.190s] [34mcolcon.colcon_core.package_identification[0m [1;30mLevel 1[0m _identify(src/rm_auto_aim/armor_tracker) by extensions ['ros']
[0.190s] [34mcolcon.colcon_core.package_identification[0m [1;30mLevel 1[0m _identify(src/rm_auto_aim/armor_tracker) by extension 'ros'
[0.191s] [34mcolcon.colcon_core.package_identification[0m [1;30mDEBUG[0m [32mPackage 'src/rm_auto_aim/armor_tracker' with type 'ros.ament_cmake' and name 'armor_tracker'[0m
[0.191s] [34mcolcon.colcon_core.package_identification[0m [1;30mLevel 1[0m _identify(src/rm_auto_aim/auto_aim_interfaces) by extensions ['ignore', 'ignore_ament_install']
[0.191s] [34mcolcon.colcon_core.package_identification[0m [1;30mLevel 1[0m _identify(src/rm_auto_aim/auto_aim_interfaces) by extension 'ignore'
[0.191s] [34mcolcon.colcon_core.package_identification[0m [1;30mLevel 1[0m _identify(src/rm_auto_aim/auto_aim_interfaces) by extension 'ignore_ament_install'
[0.191s] [34mcolcon.colcon_core.package_identification[0m [1;30mLevel 1[0m _identify(src/rm_auto_aim/auto_aim_interfaces) by extensions ['colcon_pkg']
[0.191s] [34mcolcon.colcon_core.package_identification[0m [1;30mLevel 1[0m _identify(src/rm_auto_aim/auto_aim_interfaces) by extension 'colcon_pkg'
[0.191s] [34mcolcon.colcon_core.package_identification[0m [1;30mLevel 1[0m _identify(src/rm_auto_aim/auto_aim_interfaces) by extensions ['colcon_meta']
[0.191s] [34mcolcon.colcon_core.package_identification[0m [1;30mLevel 1[0m _identify(src/rm_auto_aim/auto_aim_interfaces) by extension 'colcon_meta'
[0.191s] [34mcolcon.colcon_core.package_identification[0m [1;30mLevel 1[0m _identify(src/rm_auto_aim/auto_aim_interfaces) by extensions ['ros']
[0.191s] [34mcolcon.colcon_core.package_identification[0m [1;30mLevel 1[0m _identify(src/rm_auto_aim/auto_aim_interfaces) by extension 'ros'
[0.191s] [34mcolcon.colcon_core.package_identification[0m [1;30mDEBUG[0m [32mPackage 'src/rm_auto_aim/auto_aim_interfaces' with type 'ros.ament_cmake' and name 'auto_aim_interfaces'[0m
[0.191s] [34mcolcon.colcon_core.package_identification[0m [1;30mLevel 1[0m _identify(src/rm_auto_aim/docs) by extensions ['ignore', 'ignore_ament_install']
[0.191s] [34mcolcon.colcon_core.package_identification[0m [1;30mLevel 1[0m _identify(src/rm_auto_aim/docs) by extension 'ignore'
[0.191s] [34mcolcon.colcon_core.package_identification[0m [1;30mLevel 1[0m _identify(src/rm_auto_aim/docs) by extension 'ignore_ament_install'
[0.192s] [34mcolcon.colcon_core.package_identification[0m [1;30mLevel 1[0m _identify(src/rm_auto_aim/docs) by extensions ['colcon_pkg']
[0.192s] [34mcolcon.colcon_core.package_identification[0m [1;30mLevel 1[0m _identify(src/rm_auto_aim/docs) by extension 'colcon_pkg'
[0.192s] [34mcolcon.colcon_core.package_identification[0m [1;30mLevel 1[0m _identify(src/rm_auto_aim/docs) by extensions ['colcon_meta']
[0.192s] [34mcolcon.colcon_core.package_identification[0m [1;30mLevel 1[0m _identify(src/rm_auto_aim/docs) by extension 'colcon_meta'
[0.192s] [34mcolcon.colcon_core.package_identification[0m [1;30mLevel 1[0m _identify(src/rm_auto_aim/docs) by extensions ['ros']
[0.192s] [34mcolcon.colcon_core.package_identification[0m [1;30mLevel 1[0m _identify(src/rm_auto_aim/docs) by extension 'ros'
[0.192s] [34mcolcon.colcon_core.package_identification[0m [1;30mLevel 1[0m _identify(src/rm_auto_aim/docs) by extensions ['cmake', 'python']
[0.192s] [34mcolcon.colcon_core.package_identification[0m [1;30mLevel 1[0m _identify(src/rm_auto_aim/docs) by extension 'cmake'
[0.192s] [34mcolcon.colcon_core.package_identification[0m [1;30mLevel 1[0m _identify(src/rm_auto_aim/docs) by extension 'python'
[0.192s] [34mcolcon.colcon_core.package_identification[0m [1;30mLevel 1[0m _identify(src/rm_auto_aim/docs) by extensions ['python_setup_py']
[0.192s] [34mcolcon.colcon_core.package_identification[0m [1;30mLevel 1[0m _identify(src/rm_auto_aim/docs) by extension 'python_setup_py'
[0.192s] [34mcolcon.colcon_core.package_identification[0m [1;30mLevel 1[0m _identify(src/rm_auto_aim/rm_auto_aim) by extensions ['ignore', 'ignore_ament_install']
[0.192s] [34mcolcon.colcon_core.package_identification[0m [1;30mLevel 1[0m _identify(src/rm_auto_aim/rm_auto_aim) by extension 'ignore'
[0.192s] [34mcolcon.colcon_core.package_identification[0m [1;30mLevel 1[0m _identify(src/rm_auto_aim/rm_auto_aim) by extension 'ignore_ament_install'
[0.192s] [34mcolcon.colcon_core.package_identification[0m [1;30mLevel 1[0m _identify(src/rm_auto_aim/rm_auto_aim) by extensions ['colcon_pkg']
[0.192s] [34mcolcon.colcon_core.package_identification[0m [1;30mLevel 1[0m _identify(src/rm_auto_aim/rm_auto_aim) by extension 'colcon_pkg'
[0.192s] [34mcolcon.colcon_core.package_identification[0m [1;30mLevel 1[0m _identify(src/rm_auto_aim/rm_auto_aim) by extensions ['colcon_meta']
[0.192s] [34mcolcon.colcon_core.package_identification[0m [1;30mLevel 1[0m _identify(src/rm_auto_aim/rm_auto_aim) by extension 'colcon_meta'
[0.192s] [34mcolcon.colcon_core.package_identification[0m [1;30mLevel 1[0m _identify(src/rm_auto_aim/rm_auto_aim) by extensions ['ros']
[0.192s] [34mcolcon.colcon_core.package_identification[0m [1;30mLevel 1[0m _identify(src/rm_auto_aim/rm_auto_aim) by extension 'ros'
[0.192s] [34mcolcon.colcon_core.package_identification[0m [1;30mDEBUG[0m [32mPackage 'src/rm_auto_aim/rm_auto_aim' with type 'ros.ament_cmake' and name 'rm_auto_aim'[0m
[0.193s] [34mcolcon.colcon_core.package_identification[0m [1;30mLevel 1[0m _identify(src/rm_auto_record) by extensions ['ignore', 'ignore_ament_install']
[0.193s] [34mcolcon.colcon_core.package_identification[0m [1;30mLevel 1[0m _identify(src/rm_auto_record) by extension 'ignore'
[0.193s] [34mcolcon.colcon_core.package_identification[0m [1;30mLevel 1[0m _identify(src/rm_auto_record) by extension 'ignore_ament_install'
[0.193s] [34mcolcon.colcon_core.package_identification[0m [1;30mLevel 1[0m _identify(src/rm_auto_record) by extensions ['colcon_pkg']
[0.193s] [34mcolcon.colcon_core.package_identification[0m [1;30mLevel 1[0m _identify(src/rm_auto_record) by extension 'colcon_pkg'
[0.193s] [34mcolcon.colcon_core.package_identification[0m [1;30mLevel 1[0m _identify(src/rm_auto_record) by extensions ['colcon_meta']
[0.193s] [34mcolcon.colcon_core.package_identification[0m [1;30mLevel 1[0m _identify(src/rm_auto_record) by extension 'colcon_meta'
[0.193s] [34mcolcon.colcon_core.package_identification[0m [1;30mLevel 1[0m _identify(src/rm_auto_record) by extensions ['ros']
[0.193s] [34mcolcon.colcon_core.package_identification[0m [1;30mLevel 1[0m _identify(src/rm_auto_record) by extension 'ros'
[0.193s] [34mcolcon.colcon_core.package_identification[0m [1;30mDEBUG[0m [32mPackage 'src/rm_auto_record' with type 'ros.ament_cmake' and name 'rm_auto_record'[0m
[0.193s] [34mcolcon.colcon_core.package_identification[0m [1;30mLevel 1[0m _identify(src/rm_buff) by extensions ['ignore', 'ignore_ament_install']
[0.193s] [34mcolcon.colcon_core.package_identification[0m [1;30mLevel 1[0m _identify(src/rm_buff) by extension 'ignore'
[0.193s] [34mcolcon.colcon_core.package_identification[0m [1;30mLevel 1[0m _identify(src/rm_buff) by extension 'ignore_ament_install'
[0.194s] [34mcolcon.colcon_core.package_identification[0m [1;30mLevel 1[0m _identify(src/rm_buff) by extensions ['colcon_pkg']
[0.194s] [34mcolcon.colcon_core.package_identification[0m [1;30mLevel 1[0m _identify(src/rm_buff) by extension 'colcon_pkg'
[0.194s] [34mcolcon.colcon_core.package_identification[0m [1;30mLevel 1[0m _identify(src/rm_buff) by extensions ['colcon_meta']
[0.194s] [34mcolcon.colcon_core.package_identification[0m [1;30mLevel 1[0m _identify(src/rm_buff) by extension 'colcon_meta'
[0.194s] [34mcolcon.colcon_core.package_identification[0m [1;30mLevel 1[0m _identify(src/rm_buff) by extensions ['ros']
[0.194s] [34mcolcon.colcon_core.package_identification[0m [1;30mLevel 1[0m _identify(src/rm_buff) by extension 'ros'
[0.194s] [34mcolcon.colcon_core.package_identification[0m [1;30mLevel 1[0m _identify(src/rm_buff) by extensions ['cmake', 'python']
[0.194s] [34mcolcon.colcon_core.package_identification[0m [1;30mLevel 1[0m _identify(src/rm_buff) by extension 'cmake'
[0.194s] [34mcolcon.colcon_core.package_identification[0m [1;30mLevel 1[0m _identify(src/rm_buff) by extension 'python'
[0.194s] [34mcolcon.colcon_core.package_identification[0m [1;30mLevel 1[0m _identify(src/rm_buff) by extensions ['python_setup_py']
[0.194s] [34mcolcon.colcon_core.package_identification[0m [1;30mLevel 1[0m _identify(src/rm_buff) by extension 'python_setup_py'
[0.194s] [34mcolcon.colcon_core.package_identification[0m [1;30mLevel 1[0m _identify(src/rm_buff/buff_detector) by extensions ['ignore', 'ignore_ament_install']
[0.194s] [34mcolcon.colcon_core.package_identification[0m [1;30mLevel 1[0m _identify(src/rm_buff/buff_detector) by extension 'ignore'
[0.194s] [34mcolcon.colcon_core.package_identification[0m [1;30mLevel 1[0m _identify(src/rm_buff/buff_detector) by extension 'ignore_ament_install'
[0.194s] [34mcolcon.colcon_core.package_identification[0m [1;30mLevel 1[0m _identify(src/rm_buff/buff_detector) by extensions ['colcon_pkg']
[0.194s] [34mcolcon.colcon_core.package_identification[0m [1;30mLevel 1[0m _identify(src/rm_buff/buff_detector) by extension 'colcon_pkg'
[0.194s] [34mcolcon.colcon_core.package_identification[0m [1;30mLevel 1[0m _identify(src/rm_buff/buff_detector) by extensions ['colcon_meta']
[0.194s] [34mcolcon.colcon_core.package_identification[0m [1;30mLevel 1[0m _identify(src/rm_buff/buff_detector) by extension 'colcon_meta'
[0.194s] [34mcolcon.colcon_core.package_identification[0m [1;30mLevel 1[0m _identify(src/rm_buff/buff_detector) by extensions ['ros']
[0.194s] [34mcolcon.colcon_core.package_identification[0m [1;30mLevel 1[0m _identify(src/rm_buff/buff_detector) by extension 'ros'
[0.195s] [34mcolcon.colcon_core.package_identification[0m [1;30mDEBUG[0m [32mPackage 'src/rm_buff/buff_detector' with type 'ros.ament_cmake' and name 'buff_detector'[0m
[0.195s] [34mcolcon.colcon_core.package_identification[0m [1;30mLevel 1[0m _identify(src/rm_buff/buff_executor) by extensions ['ignore', 'ignore_ament_install']
[0.195s] [34mcolcon.colcon_core.package_identification[0m [1;30mLevel 1[0m _identify(src/rm_buff/buff_executor) by extension 'ignore'
[0.195s] [34mcolcon.colcon_core.package_identification[0m [1;30mLevel 1[0m _identify(src/rm_buff/buff_executor) by extension 'ignore_ament_install'
[0.195s] [34mcolcon.colcon_core.package_identification[0m [1;30mLevel 1[0m _identify(src/rm_buff/buff_executor) by extensions ['colcon_pkg']
[0.195s] [34mcolcon.colcon_core.package_identification[0m [1;30mLevel 1[0m _identify(src/rm_buff/buff_executor) by extension 'colcon_pkg'
[0.195s] [34mcolcon.colcon_core.package_identification[0m [1;30mLevel 1[0m _identify(src/rm_buff/buff_executor) by extensions ['colcon_meta']
[0.195s] [34mcolcon.colcon_core.package_identification[0m [1;30mLevel 1[0m _identify(src/rm_buff/buff_executor) by extension 'colcon_meta'
[0.195s] [34mcolcon.colcon_core.package_identification[0m [1;30mLevel 1[0m _identify(src/rm_buff/buff_executor) by extensions ['ros']
[0.195s] [34mcolcon.colcon_core.package_identification[0m [1;30mLevel 1[0m _identify(src/rm_buff/buff_executor) by extension 'ros'
[0.196s] [34mcolcon.colcon_core.package_identification[0m [1;30mDEBUG[0m [32mPackage 'src/rm_buff/buff_executor' with type 'ros.ament_cmake' and name 'buff_executor'[0m
[0.196s] [34mcolcon.colcon_core.package_identification[0m [1;30mLevel 1[0m _identify(src/rm_buff/buff_interfaces) by extensions ['ignore', 'ignore_ament_install']
[0.196s] [34mcolcon.colcon_core.package_identification[0m [1;30mLevel 1[0m _identify(src/rm_buff/buff_interfaces) by extension 'ignore'
[0.196s] [34mcolcon.colcon_core.package_identification[0m [1;30mLevel 1[0m _identify(src/rm_buff/buff_interfaces) by extension 'ignore_ament_install'
[0.196s] [34mcolcon.colcon_core.package_identification[0m [1;30mLevel 1[0m _identify(src/rm_buff/buff_interfaces) by extensions ['colcon_pkg']
[0.196s] [34mcolcon.colcon_core.package_identification[0m [1;30mLevel 1[0m _identify(src/rm_buff/buff_interfaces) by extension 'colcon_pkg'
[0.196s] [34mcolcon.colcon_core.package_identification[0m [1;30mLevel 1[0m _identify(src/rm_buff/buff_interfaces) by extensions ['colcon_meta']
[0.196s] [34mcolcon.colcon_core.package_identification[0m [1;30mLevel 1[0m _identify(src/rm_buff/buff_interfaces) by extension 'colcon_meta'
[0.196s] [34mcolcon.colcon_core.package_identification[0m [1;30mLevel 1[0m _identify(src/rm_buff/buff_interfaces) by extensions ['ros']
[0.196s] [34mcolcon.colcon_core.package_identification[0m [1;30mLevel 1[0m _identify(src/rm_buff/buff_interfaces) by extension 'ros'
[0.196s] [34mcolcon.colcon_core.package_identification[0m [1;30mDEBUG[0m [32mPackage 'src/rm_buff/buff_interfaces' with type 'ros.ament_cmake' and name 'buff_interfaces'[0m
[0.196s] [34mcolcon.colcon_core.package_identification[0m [1;30mLevel 1[0m _identify(src/rm_buff/buff_tracker) by extensions ['ignore', 'ignore_ament_install']
[0.196s] [34mcolcon.colcon_core.package_identification[0m [1;30mLevel 1[0m _identify(src/rm_buff/buff_tracker) by extension 'ignore'
[0.196s] [34mcolcon.colcon_core.package_identification[0m [1;30mLevel 1[0m _identify(src/rm_buff/buff_tracker) by extension 'ignore_ament_install'
[0.196s] [34mcolcon.colcon_core.package_identification[0m [1;30mLevel 1[0m _identify(src/rm_buff/buff_tracker) by extensions ['colcon_pkg']
[0.196s] [34mcolcon.colcon_core.package_identification[0m [1;30mLevel 1[0m _identify(src/rm_buff/buff_tracker) by extension 'colcon_pkg'
[0.196s] [34mcolcon.colcon_core.package_identification[0m [1;30mLevel 1[0m _identify(src/rm_buff/buff_tracker) by extensions ['colcon_meta']
[0.196s] [34mcolcon.colcon_core.package_identification[0m [1;30mLevel 1[0m _identify(src/rm_buff/buff_tracker) by extension 'colcon_meta'
[0.196s] [34mcolcon.colcon_core.package_identification[0m [1;30mLevel 1[0m _identify(src/rm_buff/buff_tracker) by extensions ['ros']
[0.196s] [34mcolcon.colcon_core.package_identification[0m [1;30mLevel 1[0m _identify(src/rm_buff/buff_tracker) by extension 'ros'
[0.197s] [34mcolcon.colcon_core.package_identification[0m [1;30mDEBUG[0m [32mPackage 'src/rm_buff/buff_tracker' with type 'ros.ament_cmake' and name 'buff_tracker'[0m
[0.197s] [34mcolcon.colcon_core.package_identification[0m [1;30mLevel 1[0m _identify(src/rm_buff/docs) by extensions ['ignore', 'ignore_ament_install']
[0.197s] [34mcolcon.colcon_core.package_identification[0m [1;30mLevel 1[0m _identify(src/rm_buff/docs) by extension 'ignore'
[0.197s] [34mcolcon.colcon_core.package_identification[0m [1;30mLevel 1[0m _identify(src/rm_buff/docs) by extension 'ignore_ament_install'
[0.197s] [34mcolcon.colcon_core.package_identification[0m [1;30mLevel 1[0m _identify(src/rm_buff/docs) by extensions ['colcon_pkg']
[0.197s] [34mcolcon.colcon_core.package_identification[0m [1;30mLevel 1[0m _identify(src/rm_buff/docs) by extension 'colcon_pkg'
[0.197s] [34mcolcon.colcon_core.package_identification[0m [1;30mLevel 1[0m _identify(src/rm_buff/docs) by extensions ['colcon_meta']
[0.197s] [34mcolcon.colcon_core.package_identification[0m [1;30mLevel 1[0m _identify(src/rm_buff/docs) by extension 'colcon_meta'
[0.197s] [34mcolcon.colcon_core.package_identification[0m [1;30mLevel 1[0m _identify(src/rm_buff/docs) by extensions ['ros']
[0.197s] [34mcolcon.colcon_core.package_identification[0m [1;30mLevel 1[0m _identify(src/rm_buff/docs) by extension 'ros'
[0.197s] [34mcolcon.colcon_core.package_identification[0m [1;30mLevel 1[0m _identify(src/rm_buff/docs) by extensions ['cmake', 'python']
[0.197s] [34mcolcon.colcon_core.package_identification[0m [1;30mLevel 1[0m _identify(src/rm_buff/docs) by extension 'cmake'
[0.197s] [34mcolcon.colcon_core.package_identification[0m [1;30mLevel 1[0m _identify(src/rm_buff/docs) by extension 'python'
[0.198s] [34mcolcon.colcon_core.package_identification[0m [1;30mLevel 1[0m _identify(src/rm_buff/docs) by extensions ['python_setup_py']
[0.198s] [34mcolcon.colcon_core.package_identification[0m [1;30mLevel 1[0m _identify(src/rm_buff/docs) by extension 'python_setup_py'
[0.198s] [34mcolcon.colcon_core.package_identification[0m [1;30mLevel 1[0m _identify(src/rm_buff/docs/picture) by extensions ['ignore', 'ignore_ament_install']
[0.198s] [34mcolcon.colcon_core.package_identification[0m [1;30mLevel 1[0m _identify(src/rm_buff/docs/picture) by extension 'ignore'
[0.198s] [34mcolcon.colcon_core.package_identification[0m [1;30mLevel 1[0m _identify(src/rm_buff/docs/picture) by extension 'ignore_ament_install'
[0.198s] [34mcolcon.colcon_core.package_identification[0m [1;30mLevel 1[0m _identify(src/rm_buff/docs/picture) by extensions ['colcon_pkg']
[0.198s] [34mcolcon.colcon_core.package_identification[0m [1;30mLevel 1[0m _identify(src/rm_buff/docs/picture) by extension 'colcon_pkg'
[0.198s] [34mcolcon.colcon_core.package_identification[0m [1;30mLevel 1[0m _identify(src/rm_buff/docs/picture) by extensions ['colcon_meta']
[0.198s] [34mcolcon.colcon_core.package_identification[0m [1;30mLevel 1[0m _identify(src/rm_buff/docs/picture) by extension 'colcon_meta'
[0.198s] [34mcolcon.colcon_core.package_identification[0m [1;30mLevel 1[0m _identify(src/rm_buff/docs/picture) by extensions ['ros']
[0.198s] [34mcolcon.colcon_core.package_identification[0m [1;30mLevel 1[0m _identify(src/rm_buff/docs/picture) by extension 'ros'
[0.198s] [34mcolcon.colcon_core.package_identification[0m [1;30mLevel 1[0m _identify(src/rm_buff/docs/picture) by extensions ['cmake', 'python']
[0.198s] [34mcolcon.colcon_core.package_identification[0m [1;30mLevel 1[0m _identify(src/rm_buff/docs/picture) by extension 'cmake'
[0.198s] [34mcolcon.colcon_core.package_identification[0m [1;30mLevel 1[0m _identify(src/rm_buff/docs/picture) by extension 'python'
[0.198s] [34mcolcon.colcon_core.package_identification[0m [1;30mLevel 1[0m _identify(src/rm_buff/docs/picture) by extensions ['python_setup_py']
[0.198s] [34mcolcon.colcon_core.package_identification[0m [1;30mLevel 1[0m _identify(src/rm_buff/docs/picture) by extension 'python_setup_py'
[0.198s] [34mcolcon.colcon_core.package_identification[0m [1;30mLevel 1[0m _identify(src/rm_buff/example) by extensions ['ignore', 'ignore_ament_install']
[0.198s] [34mcolcon.colcon_core.package_identification[0m [1;30mLevel 1[0m _identify(src/rm_buff/example) by extension 'ignore'
[0.198s] [34mcolcon.colcon_core.package_identification[0m [1;30mLevel 1[0m _identify(src/rm_buff/example) by extension 'ignore_ament_install'
[0.198s] [34mcolcon.colcon_core.package_identification[0m [1;30mLevel 1[0m _identify(src/rm_buff/example) by extensions ['colcon_pkg']
[0.198s] [34mcolcon.colcon_core.package_identification[0m [1;30mLevel 1[0m _identify(src/rm_buff/example) by extension 'colcon_pkg'
[0.198s] [34mcolcon.colcon_core.package_identification[0m [1;30mLevel 1[0m _identify(src/rm_buff/example) by extensions ['colcon_meta']
[0.198s] [34mcolcon.colcon_core.package_identification[0m [1;30mLevel 1[0m _identify(src/rm_buff/example) by extension 'colcon_meta'
[0.198s] [34mcolcon.colcon_core.package_identification[0m [1;30mLevel 1[0m _identify(src/rm_buff/example) by extensions ['ros']
[0.198s] [34mcolcon.colcon_core.package_identification[0m [1;30mLevel 1[0m _identify(src/rm_buff/example) by extension 'ros'
[0.198s] [34mcolcon.colcon_core.package_identification[0m [1;30mLevel 1[0m _identify(src/rm_buff/example) by extensions ['cmake', 'python']
[0.198s] [34mcolcon.colcon_core.package_identification[0m [1;30mLevel 1[0m _identify(src/rm_buff/example) by extension 'cmake'
[0.198s] [34mcolcon.colcon_core.package_identification[0m [1;30mLevel 1[0m _identify(src/rm_buff/example) by extension 'python'
[0.198s] [34mcolcon.colcon_core.package_identification[0m [1;30mLevel 1[0m _identify(src/rm_buff/example) by extensions ['python_setup_py']
[0.198s] [34mcolcon.colcon_core.package_identification[0m [1;30mLevel 1[0m _identify(src/rm_buff/example) by extension 'python_setup_py'
[0.198s] [34mcolcon.colcon_core.package_identification[0m [1;30mLevel 1[0m _identify(src/rm_buff/rm_buff) by extensions ['ignore', 'ignore_ament_install']
[0.198s] [34mcolcon.colcon_core.package_identification[0m [1;30mLevel 1[0m _identify(src/rm_buff/rm_buff) by extension 'ignore'
[0.198s] [34mcolcon.colcon_core.package_identification[0m [1;30mLevel 1[0m _identify(src/rm_buff/rm_buff) by extension 'ignore_ament_install'
[0.198s] [34mcolcon.colcon_core.package_identification[0m [1;30mLevel 1[0m _identify(src/rm_buff/rm_buff) by extensions ['colcon_pkg']
[0.198s] [34mcolcon.colcon_core.package_identification[0m [1;30mLevel 1[0m _identify(src/rm_buff/rm_buff) by extension 'colcon_pkg'
[0.198s] [34mcolcon.colcon_core.package_identification[0m [1;30mLevel 1[0m _identify(src/rm_buff/rm_buff) by extensions ['colcon_meta']
[0.198s] [34mcolcon.colcon_core.package_identification[0m [1;30mLevel 1[0m _identify(src/rm_buff/rm_buff) by extension 'colcon_meta'
[0.198s] [34mcolcon.colcon_core.package_identification[0m [1;30mLevel 1[0m _identify(src/rm_buff/rm_buff) by extensions ['ros']
[0.198s] [34mcolcon.colcon_core.package_identification[0m [1;30mLevel 1[0m _identify(src/rm_buff/rm_buff) by extension 'ros'
[0.199s] [34mcolcon.colcon_core.package_identification[0m [1;30mDEBUG[0m [32mPackage 'src/rm_buff/rm_buff' with type 'ros.ament_cmake' and name 'rm_buff'[0m
[0.199s] [34mcolcon.colcon_core.package_identification[0m [1;30mLevel 1[0m _identify(src/rm_buff/rm_buff_bringup) by extensions ['ignore', 'ignore_ament_install']
[0.199s] [34mcolcon.colcon_core.package_identification[0m [1;30mLevel 1[0m _identify(src/rm_buff/rm_buff_bringup) by extension 'ignore'
[0.199s] [34mcolcon.colcon_core.package_identification[0m [1;30mLevel 1[0m _identify(src/rm_buff/rm_buff_bringup) by extension 'ignore_ament_install'
[0.199s] [34mcolcon.colcon_core.package_identification[0m [1;30mLevel 1[0m _identify(src/rm_buff/rm_buff_bringup) by extensions ['colcon_pkg']
[0.199s] [34mcolcon.colcon_core.package_identification[0m [1;30mLevel 1[0m _identify(src/rm_buff/rm_buff_bringup) by extension 'colcon_pkg'
[0.199s] [34mcolcon.colcon_core.package_identification[0m [1;30mLevel 1[0m _identify(src/rm_buff/rm_buff_bringup) by extensions ['colcon_meta']
[0.199s] [34mcolcon.colcon_core.package_identification[0m [1;30mLevel 1[0m _identify(src/rm_buff/rm_buff_bringup) by extension 'colcon_meta'
[0.199s] [34mcolcon.colcon_core.package_identification[0m [1;30mLevel 1[0m _identify(src/rm_buff/rm_buff_bringup) by extensions ['ros']
[0.199s] [34mcolcon.colcon_core.package_identification[0m [1;30mLevel 1[0m _identify(src/rm_buff/rm_buff_bringup) by extension 'ros'
[0.199s] [34mcolcon.colcon_core.package_identification[0m [1;30mDEBUG[0m [32mPackage 'src/rm_buff/rm_buff_bringup' with type 'ros.ament_cmake' and name 'rm_buff_bringup'[0m
[0.200s] [34mcolcon.colcon_core.package_identification[0m [1;30mLevel 1[0m _identify(src/rm_gimbal_description) by extensions ['ignore', 'ignore_ament_install']
[0.200s] [34mcolcon.colcon_core.package_identification[0m [1;30mLevel 1[0m _identify(src/rm_gimbal_description) by extension 'ignore'
[0.200s] [34mcolcon.colcon_core.package_identification[0m [1;30mLevel 1[0m _identify(src/rm_gimbal_description) by extension 'ignore_ament_install'
[0.200s] [34mcolcon.colcon_core.package_identification[0m [1;30mLevel 1[0m _identify(src/rm_gimbal_description) by extensions ['colcon_pkg']
[0.200s] [34mcolcon.colcon_core.package_identification[0m [1;30mLevel 1[0m _identify(src/rm_gimbal_description) by extension 'colcon_pkg'
[0.200s] [34mcolcon.colcon_core.package_identification[0m [1;30mLevel 1[0m _identify(src/rm_gimbal_description) by extensions ['colcon_meta']
[0.200s] [34mcolcon.colcon_core.package_identification[0m [1;30mLevel 1[0m _identify(src/rm_gimbal_description) by extension 'colcon_meta'
[0.200s] [34mcolcon.colcon_core.package_identification[0m [1;30mLevel 1[0m _identify(src/rm_gimbal_description) by extensions ['ros']
[0.200s] [34mcolcon.colcon_core.package_identification[0m [1;30mLevel 1[0m _identify(src/rm_gimbal_description) by extension 'ros'
[0.200s] [34mcolcon.colcon_core.package_identification[0m [1;30mDEBUG[0m [32mPackage 'src/rm_gimbal_description' with type 'ros.ament_cmake' and name 'rm_gimbal_description'[0m
[0.200s] [34mcolcon.colcon_core.package_identification[0m [1;30mLevel 1[0m _identify(src/rm_serial_driver) by extensions ['ignore', 'ignore_ament_install']
[0.200s] [34mcolcon.colcon_core.package_identification[0m [1;30mLevel 1[0m _identify(src/rm_serial_driver) by extension 'ignore'
[0.200s] [34mcolcon.colcon_core.package_identification[0m [1;30mLevel 1[0m _identify(src/rm_serial_driver) by extension 'ignore_ament_install'
[0.200s] [34mcolcon.colcon_core.package_identification[0m [1;30mLevel 1[0m _identify(src/rm_serial_driver) by extensions ['colcon_pkg']
[0.200s] [34mcolcon.colcon_core.package_identification[0m [1;30mLevel 1[0m _identify(src/rm_serial_driver) by extension 'colcon_pkg'
[0.200s] [34mcolcon.colcon_core.package_identification[0m [1;30mLevel 1[0m _identify(src/rm_serial_driver) by extensions ['colcon_meta']
[0.200s] [34mcolcon.colcon_core.package_identification[0m [1;30mLevel 1[0m _identify(src/rm_serial_driver) by extension 'colcon_meta'
[0.200s] [34mcolcon.colcon_core.package_identification[0m [1;30mLevel 1[0m _identify(src/rm_serial_driver) by extensions ['ros']
[0.200s] [34mcolcon.colcon_core.package_identification[0m [1;30mLevel 1[0m _identify(src/rm_serial_driver) by extension 'ros'
[0.201s] [34mcolcon.colcon_core.package_identification[0m [1;30mDEBUG[0m [32mPackage 'src/rm_serial_driver' with type 'ros.ament_cmake' and name 'rm_serial_driver'[0m
[0.201s] [34mcolcon.colcon_core.package_identification[0m [1;30mLevel 1[0m _identify(src/rm_vision) by extensions ['ignore', 'ignore_ament_install']
[0.201s] [34mcolcon.colcon_core.package_identification[0m [1;30mLevel 1[0m _identify(src/rm_vision) by extension 'ignore'
[0.201s] [34mcolcon.colcon_core.package_identification[0m [1;30mLevel 1[0m _identify(src/rm_vision) by extension 'ignore_ament_install'
[0.201s] [34mcolcon.colcon_core.package_identification[0m [1;30mLevel 1[0m _identify(src/rm_vision) by extensions ['colcon_pkg']
[0.201s] [34mcolcon.colcon_core.package_identification[0m [1;30mLevel 1[0m _identify(src/rm_vision) by extension 'colcon_pkg'
[0.201s] [34mcolcon.colcon_core.package_identification[0m [1;30mLevel 1[0m _identify(src/rm_vision) by extensions ['colcon_meta']
[0.201s] [34mcolcon.colcon_core.package_identification[0m [1;30mLevel 1[0m _identify(src/rm_vision) by extension 'colcon_meta'
[0.201s] [34mcolcon.colcon_core.package_identification[0m [1;30mLevel 1[0m _identify(src/rm_vision) by extensions ['ros']
[0.201s] [34mcolcon.colcon_core.package_identification[0m [1;30mLevel 1[0m _identify(src/rm_vision) by extension 'ros'
[0.201s] [34mcolcon.colcon_core.package_identification[0m [1;30mLevel 1[0m _identify(src/rm_vision) by extensions ['cmake', 'python']
[0.201s] [34mcolcon.colcon_core.package_identification[0m [1;30mLevel 1[0m _identify(src/rm_vision) by extension 'cmake'
[0.201s] [34mcolcon.colcon_core.package_identification[0m [1;30mLevel 1[0m _identify(src/rm_vision) by extension 'python'
[0.201s] [34mcolcon.colcon_core.package_identification[0m [1;30mLevel 1[0m _identify(src/rm_vision) by extensions ['python_setup_py']
[0.201s] [34mcolcon.colcon_core.package_identification[0m [1;30mLevel 1[0m _identify(src/rm_vision) by extension 'python_setup_py'
[0.201s] [34mcolcon.colcon_core.package_identification[0m [1;30mLevel 1[0m _identify(src/rm_vision/docs) by extensions ['ignore', 'ignore_ament_install']
[0.201s] [34mcolcon.colcon_core.package_identification[0m [1;30mLevel 1[0m _identify(src/rm_vision/docs) by extension 'ignore'
[0.202s] [34mcolcon.colcon_core.package_identification[0m [1;30mLevel 1[0m _identify(src/rm_vision/docs) by extension 'ignore_ament_install'
[0.202s] [34mcolcon.colcon_core.package_identification[0m [1;30mLevel 1[0m _identify(src/rm_vision/docs) by extensions ['colcon_pkg']
[0.202s] [34mcolcon.colcon_core.package_identification[0m [1;30mLevel 1[0m _identify(src/rm_vision/docs) by extension 'colcon_pkg'
[0.202s] [34mcolcon.colcon_core.package_identification[0m [1;30mLevel 1[0m _identify(src/rm_vision/docs) by extensions ['colcon_meta']
[0.202s] [34mcolcon.colcon_core.package_identification[0m [1;30mLevel 1[0m _identify(src/rm_vision/docs) by extension 'colcon_meta'
[0.202s] [34mcolcon.colcon_core.package_identification[0m [1;30mLevel 1[0m _identify(src/rm_vision/docs) by extensions ['ros']
[0.202s] [34mcolcon.colcon_core.package_identification[0m [1;30mLevel 1[0m _identify(src/rm_vision/docs) by extension 'ros'
[0.202s] [34mcolcon.colcon_core.package_identification[0m [1;30mLevel 1[0m _identify(src/rm_vision/docs) by extensions ['cmake', 'python']
[0.202s] [34mcolcon.colcon_core.package_identification[0m [1;30mLevel 1[0m _identify(src/rm_vision/docs) by extension 'cmake'
[0.202s] [34mcolcon.colcon_core.package_identification[0m [1;30mLevel 1[0m _identify(src/rm_vision/docs) by extension 'python'
[0.202s] [34mcolcon.colcon_core.package_identification[0m [1;30mLevel 1[0m _identify(src/rm_vision/docs) by extensions ['python_setup_py']
[0.202s] [34mcolcon.colcon_core.package_identification[0m [1;30mLevel 1[0m _identify(src/rm_vision/docs) by extension 'python_setup_py'
[0.202s] [34mcolcon.colcon_core.package_identification[0m [1;30mLevel 1[0m _identify(src/rm_vision/rm_vision_bringup) by extensions ['ignore', 'ignore_ament_install']
[0.202s] [34mcolcon.colcon_core.package_identification[0m [1;30mLevel 1[0m _identify(src/rm_vision/rm_vision_bringup) by extension 'ignore'
[0.202s] [34mcolcon.colcon_core.package_identification[0m [1;30mLevel 1[0m _identify(src/rm_vision/rm_vision_bringup) by extension 'ignore_ament_install'
[0.202s] [34mcolcon.colcon_core.package_identification[0m [1;30mLevel 1[0m _identify(src/rm_vision/rm_vision_bringup) by extensions ['colcon_pkg']
[0.202s] [34mcolcon.colcon_core.package_identification[0m [1;30mLevel 1[0m _identify(src/rm_vision/rm_vision_bringup) by extension 'colcon_pkg'
[0.202s] [34mcolcon.colcon_core.package_identification[0m [1;30mLevel 1[0m _identify(src/rm_vision/rm_vision_bringup) by extensions ['colcon_meta']
[0.202s] [34mcolcon.colcon_core.package_identification[0m [1;30mLevel 1[0m _identify(src/rm_vision/rm_vision_bringup) by extension 'colcon_meta'
[0.202s] [34mcolcon.colcon_core.package_identification[0m [1;30mLevel 1[0m _identify(src/rm_vision/rm_vision_bringup) by extensions ['ros']
[0.202s] [34mcolcon.colcon_core.package_identification[0m [1;30mLevel 1[0m _identify(src/rm_vision/rm_vision_bringup) by extension 'ros'
[0.202s] [34mcolcon.colcon_core.package_identification[0m [1;30mDEBUG[0m [32mPackage 'src/rm_vision/rm_vision_bringup' with type 'ros.ament_cmake' and name 'rm_vision_bringup'[0m
[0.202s] [34mcolcon.colcon_core.package_identification[0m [1;30mLevel 1[0m _identify(src/ros2_hik_camera) by extensions ['ignore', 'ignore_ament_install']
[0.202s] [34mcolcon.colcon_core.package_identification[0m [1;30mLevel 1[0m _identify(src/ros2_hik_camera) by extension 'ignore'
[0.202s] [34mcolcon.colcon_core.package_identification[0m [1;30mLevel 1[0m _identify(src/ros2_hik_camera) by extension 'ignore_ament_install'
[0.202s] [34mcolcon.colcon_core.package_identification[0m [1;30mLevel 1[0m _identify(src/ros2_hik_camera) by extensions ['colcon_pkg']
[0.202s] [34mcolcon.colcon_core.package_identification[0m [1;30mLevel 1[0m _identify(src/ros2_hik_camera) by extension 'colcon_pkg'
[0.203s] [34mcolcon.colcon_core.package_identification[0m [1;30mLevel 1[0m _identify(src/ros2_hik_camera) by extensions ['colcon_meta']
[0.203s] [34mcolcon.colcon_core.package_identification[0m [1;30mLevel 1[0m _identify(src/ros2_hik_camera) by extension 'colcon_meta'
[0.203s] [34mcolcon.colcon_core.package_identification[0m [1;30mLevel 1[0m _identify(src/ros2_hik_camera) by extensions ['ros']
[0.203s] [34mcolcon.colcon_core.package_identification[0m [1;30mLevel 1[0m _identify(src/ros2_hik_camera) by extension 'ros'
[0.203s] [34mcolcon.colcon_core.package_identification[0m [1;30mDEBUG[0m [32mPackage 'src/ros2_hik_camera' with type 'ros.ament_cmake' and name 'hik_camera'[0m
[0.203s] [34mcolcon.colcon_core.package_discovery[0m [1;30mLevel 1[0m discover_packages(recursive) using defaults
[0.203s] [34mcolcon.colcon_core.package_discovery[0m [1;30mLevel 1[0m discover_packages(ignore) discover
[0.203s] [34mcolcon.colcon_core.package_discovery[0m [1;30mLevel 1[0m discover_packages(ignore) using defaults
[0.203s] [34mcolcon.colcon_core.package_discovery[0m [1;30mLevel 1[0m discover_packages(path) discover
[0.203s] [34mcolcon.colcon_core.package_discovery[0m [1;30mLevel 1[0m discover_packages(path) using defaults
[0.223s] [34mcolcon.colcon_core.package_discovery[0m [1;30mLevel 1[0m discover_packages(prefix_path) check parameters
[0.223s] [34mcolcon.colcon_core.package_discovery[0m [1;30mLevel 1[0m discover_packages(prefix_path) discover
[0.226s] [34mcolcon.colcon_installed_package_information.package_discovery[0m [1;30mDEBUG[0m [32mFound 364 installed packages in /opt/ros/humble[0m
[0.227s] [34mcolcon.colcon_core.package_discovery[0m [1;30mLevel 1[0m discover_packages(prefix_path) using defaults
[0.250s] [34mcolcon.colcon_core.verb[0m [1;30mLevel 5[0m set package 'auto_aim_interfaces' build argument 'cmake_args' from command line to 'None'
[0.250s] [34mcolcon.colcon_core.verb[0m [1;30mLevel 5[0m set package 'auto_aim_interfaces' build argument 'cmake_target' from command line to 'None'
[0.250s] [34mcolcon.colcon_core.verb[0m [1;30mLevel 5[0m set package 'auto_aim_interfaces' build argument 'cmake_target_skip_unavailable' from command line to 'False'
[0.250s] [34mcolcon.colcon_core.verb[0m [1;30mLevel 5[0m set package 'auto_aim_interfaces' build argument 'cmake_clean_cache' from command line to 'False'
[0.250s] [34mcolcon.colcon_core.verb[0m [1;30mLevel 5[0m set package 'auto_aim_interfaces' build argument 'cmake_clean_first' from command line to 'False'
[0.250s] [34mcolcon.colcon_core.verb[0m [1;30mLevel 5[0m set package 'auto_aim_interfaces' build argument 'cmake_force_configure' from command line to 'False'
[0.250s] [34mcolcon.colcon_core.verb[0m [1;30mLevel 5[0m set package 'auto_aim_interfaces' build argument 'ament_cmake_args' from command line to 'None'
[0.250s] [34mcolcon.colcon_core.verb[0m [1;30mLevel 5[0m set package 'auto_aim_interfaces' build argument 'catkin_cmake_args' from command line to 'None'
[0.250s] [34mcolcon.colcon_core.verb[0m [1;30mLevel 5[0m set package 'auto_aim_interfaces' build argument 'catkin_skip_building_tests' from command line to 'False'
[0.250s] [34mcolcon.colcon_core.verb[0m [1;30mDEBUG[0m [32mBuilding package 'auto_aim_interfaces' with the following arguments: {'ament_cmake_args': None, 'build_base': '/home/hdm/tracker_plus_ttttt/tracker_plus/build/auto_aim_interfaces', 'catkin_cmake_args': None, 'catkin_skip_building_tests': False, 'cmake_args': None, 'cmake_clean_cache': False, 'cmake_clean_first': False, 'cmake_force_configure': False, 'cmake_target': None, 'cmake_target_skip_unavailable': False, 'install_base': '/home/hdm/tracker_plus_ttttt/tracker_plus/install/auto_aim_interfaces', 'merge_install': False, 'path': '/home/hdm/tracker_plus_ttttt/tracker_plus/src/rm_auto_aim/auto_aim_interfaces', 'symlink_install': True, 'test_result_base': None}[0m
[0.250s] [34mcolcon.colcon_core.verb[0m [1;30mLevel 5[0m set package 'buff_interfaces' build argument 'cmake_args' from command line to 'None'
[0.250s] [34mcolcon.colcon_core.verb[0m [1;30mLevel 5[0m set package 'buff_interfaces' build argument 'cmake_target' from command line to 'None'
[0.250s] [34mcolcon.colcon_core.verb[0m [1;30mLevel 5[0m set package 'buff_interfaces' build argument 'cmake_target_skip_unavailable' from command line to 'False'
[0.250s] [34mcolcon.colcon_core.verb[0m [1;30mLevel 5[0m set package 'buff_interfaces' build argument 'cmake_clean_cache' from command line to 'False'
[0.250s] [34mcolcon.colcon_core.verb[0m [1;30mLevel 5[0m set package 'buff_interfaces' build argument 'cmake_clean_first' from command line to 'False'
[0.250s] [34mcolcon.colcon_core.verb[0m [1;30mLevel 5[0m set package 'buff_interfaces' build argument 'cmake_force_configure' from command line to 'False'
[0.250s] [34mcolcon.colcon_core.verb[0m [1;30mLevel 5[0m set package 'buff_interfaces' build argument 'ament_cmake_args' from command line to 'None'
[0.250s] [34mcolcon.colcon_core.verb[0m [1;30mLevel 5[0m set package 'buff_interfaces' build argument 'catkin_cmake_args' from command line to 'None'
[0.250s] [34mcolcon.colcon_core.verb[0m [1;30mLevel 5[0m set package 'buff_interfaces' build argument 'catkin_skip_building_tests' from command line to 'False'
[0.250s] [34mcolcon.colcon_core.verb[0m [1;30mDEBUG[0m [32mBuilding package 'buff_interfaces' with the following arguments: {'ament_cmake_args': None, 'build_base': '/home/hdm/tracker_plus_ttttt/tracker_plus/build/buff_interfaces', 'catkin_cmake_args': None, 'catkin_skip_building_tests': False, 'cmake_args': None, 'cmake_clean_cache': False, 'cmake_clean_first': False, 'cmake_force_configure': False, 'cmake_target': None, 'cmake_target_skip_unavailable': False, 'install_base': '/home/hdm/tracker_plus_ttttt/tracker_plus/install/buff_interfaces', 'merge_install': False, 'path': '/home/hdm/tracker_plus_ttttt/tracker_plus/src/rm_buff/buff_interfaces', 'symlink_install': True, 'test_result_base': None}[0m
[0.251s] [34mcolcon.colcon_core.verb[0m [1;30mLevel 5[0m set package 'hik_camera' build argument 'cmake_args' from command line to 'None'
[0.251s] [34mcolcon.colcon_core.verb[0m [1;30mLevel 5[0m set package 'hik_camera' build argument 'cmake_target' from command line to 'None'
[0.251s] [34mcolcon.colcon_core.verb[0m [1;30mLevel 5[0m set package 'hik_camera' build argument 'cmake_target_skip_unavailable' from command line to 'False'
[0.251s] [34mcolcon.colcon_core.verb[0m [1;30mLevel 5[0m set package 'hik_camera' build argument 'cmake_clean_cache' from command line to 'False'
[0.251s] [34mcolcon.colcon_core.verb[0m [1;30mLevel 5[0m set package 'hik_camera' build argument 'cmake_clean_first' from command line to 'False'
[0.251s] [34mcolcon.colcon_core.verb[0m [1;30mLevel 5[0m set package 'hik_camera' build argument 'cmake_force_configure' from command line to 'False'
[0.251s] [34mcolcon.colcon_core.verb[0m [1;30mLevel 5[0m set package 'hik_camera' build argument 'ament_cmake_args' from command line to 'None'
[0.251s] [34mcolcon.colcon_core.verb[0m [1;30mLevel 5[0m set package 'hik_camera' build argument 'catkin_cmake_args' from command line to 'None'
[0.251s] [34mcolcon.colcon_core.verb[0m [1;30mLevel 5[0m set package 'hik_camera' build argument 'catkin_skip_building_tests' from command line to 'False'
[0.251s] [34mcolcon.colcon_core.verb[0m [1;30mDEBUG[0m [32mBuilding package 'hik_camera' with the following arguments: {'ament_cmake_args': None, 'build_base': '/home/hdm/tracker_plus_ttttt/tracker_plus/build/hik_camera', 'catkin_cmake_args': None, 'catkin_skip_building_tests': False, 'cmake_args': None, 'cmake_clean_cache': False, 'cmake_clean_first': False, 'cmake_force_configure': False, 'cmake_target': None, 'cmake_target_skip_unavailable': False, 'install_base': '/home/hdm/tracker_plus_ttttt/tracker_plus/install/hik_camera', 'merge_install': False, 'path': '/home/hdm/tracker_plus_ttttt/tracker_plus/src/ros2_hik_camera', 'symlink_install': True, 'test_result_base': None}[0m
[0.251s] [34mcolcon.colcon_core.verb[0m [1;30mLevel 5[0m set package 'rm_auto_record' build argument 'cmake_args' from command line to 'None'
[0.251s] [34mcolcon.colcon_core.verb[0m [1;30mLevel 5[0m set package 'rm_auto_record' build argument 'cmake_target' from command line to 'None'
[0.251s] [34mcolcon.colcon_core.verb[0m [1;30mLevel 5[0m set package 'rm_auto_record' build argument 'cmake_target_skip_unavailable' from command line to 'False'
[0.251s] [34mcolcon.colcon_core.verb[0m [1;30mLevel 5[0m set package 'rm_auto_record' build argument 'cmake_clean_cache' from command line to 'False'
[0.251s] [34mcolcon.colcon_core.verb[0m [1;30mLevel 5[0m set package 'rm_auto_record' build argument 'cmake_clean_first' from command line to 'False'
[0.251s] [34mcolcon.colcon_core.verb[0m [1;30mLevel 5[0m set package 'rm_auto_record' build argument 'cmake_force_configure' from command line to 'False'
[0.251s] [34mcolcon.colcon_core.verb[0m [1;30mLevel 5[0m set package 'rm_auto_record' build argument 'ament_cmake_args' from command line to 'None'
[0.251s] [34mcolcon.colcon_core.verb[0m [1;30mLevel 5[0m set package 'rm_auto_record' build argument 'catkin_cmake_args' from command line to 'None'
[0.251s] [34mcolcon.colcon_core.verb[0m [1;30mLevel 5[0m set package 'rm_auto_record' build argument 'catkin_skip_building_tests' from command line to 'False'
[0.251s] [34mcolcon.colcon_core.verb[0m [1;30mDEBUG[0m [32mBuilding package 'rm_auto_record' with the following arguments: {'ament_cmake_args': None, 'build_base': '/home/hdm/tracker_plus_ttttt/tracker_plus/build/rm_auto_record', 'catkin_cmake_args': None, 'catkin_skip_building_tests': False, 'cmake_args': None, 'cmake_clean_cache': False, 'cmake_clean_first': False, 'cmake_force_configure': False, 'cmake_target': None, 'cmake_target_skip_unavailable': False, 'install_base': '/home/hdm/tracker_plus_ttttt/tracker_plus/install/rm_auto_record', 'merge_install': False, 'path': '/home/hdm/tracker_plus_ttttt/tracker_plus/src/rm_auto_record', 'symlink_install': True, 'test_result_base': None}[0m
[0.251s] [34mcolcon.colcon_core.verb[0m [1;30mLevel 5[0m set package 'rm_gimbal_description' build argument 'cmake_args' from command line to 'None'
[0.251s] [34mcolcon.colcon_core.verb[0m [1;30mLevel 5[0m set package 'rm_gimbal_description' build argument 'cmake_target' from command line to 'None'
[0.251s] [34mcolcon.colcon_core.verb[0m [1;30mLevel 5[0m set package 'rm_gimbal_description' build argument 'cmake_target_skip_unavailable' from command line to 'False'
[0.251s] [34mcolcon.colcon_core.verb[0m [1;30mLevel 5[0m set package 'rm_gimbal_description' build argument 'cmake_clean_cache' from command line to 'False'
[0.251s] [34mcolcon.colcon_core.verb[0m [1;30mLevel 5[0m set package 'rm_gimbal_description' build argument 'cmake_clean_first' from command line to 'False'
[0.251s] [34mcolcon.colcon_core.verb[0m [1;30mLevel 5[0m set package 'rm_gimbal_description' build argument 'cmake_force_configure' from command line to 'False'
[0.251s] [34mcolcon.colcon_core.verb[0m [1;30mLevel 5[0m set package 'rm_gimbal_description' build argument 'ament_cmake_args' from command line to 'None'
[0.251s] [34mcolcon.colcon_core.verb[0m [1;30mLevel 5[0m set package 'rm_gimbal_description' build argument 'catkin_cmake_args' from command line to 'None'
[0.251s] [34mcolcon.colcon_core.verb[0m [1;30mLevel 5[0m set package 'rm_gimbal_description' build argument 'catkin_skip_building_tests' from command line to 'False'
[0.251s] [34mcolcon.colcon_core.verb[0m [1;30mDEBUG[0m [32mBuilding package 'rm_gimbal_description' with the following arguments: {'ament_cmake_args': None, 'build_base': '/home/hdm/tracker_plus_ttttt/tracker_plus/build/rm_gimbal_description', 'catkin_cmake_args': None, 'catkin_skip_building_tests': False, 'cmake_args': None, 'cmake_clean_cache': False, 'cmake_clean_first': False, 'cmake_force_configure': False, 'cmake_target': None, 'cmake_target_skip_unavailable': False, 'install_base': '/home/hdm/tracker_plus_ttttt/tracker_plus/install/rm_gimbal_description', 'merge_install': False, 'path': '/home/hdm/tracker_plus_ttttt/tracker_plus/src/rm_gimbal_description', 'symlink_install': True, 'test_result_base': None}[0m
[0.252s] [34mcolcon.colcon_core.verb[0m [1;30mLevel 5[0m set package 'armor_detector' build argument 'cmake_args' from command line to 'None'
[0.252s] [34mcolcon.colcon_core.verb[0m [1;30mLevel 5[0m set package 'armor_detector' build argument 'cmake_target' from command line to 'None'
[0.252s] [34mcolcon.colcon_core.verb[0m [1;30mLevel 5[0m set package 'armor_detector' build argument 'cmake_target_skip_unavailable' from command line to 'False'
[0.252s] [34mcolcon.colcon_core.verb[0m [1;30mLevel 5[0m set package 'armor_detector' build argument 'cmake_clean_cache' from command line to 'False'
[0.252s] [34mcolcon.colcon_core.verb[0m [1;30mLevel 5[0m set package 'armor_detector' build argument 'cmake_clean_first' from command line to 'False'
[0.252s] [34mcolcon.colcon_core.verb[0m [1;30mLevel 5[0m set package 'armor_detector' build argument 'cmake_force_configure' from command line to 'False'
[0.252s] [34mcolcon.colcon_core.verb[0m [1;30mLevel 5[0m set package 'armor_detector' build argument 'ament_cmake_args' from command line to 'None'
[0.252s] [34mcolcon.colcon_core.verb[0m [1;30mLevel 5[0m set package 'armor_detector' build argument 'catkin_cmake_args' from command line to 'None'
[0.252s] [34mcolcon.colcon_core.verb[0m [1;30mLevel 5[0m set package 'armor_detector' build argument 'catkin_skip_building_tests' from command line to 'False'
[0.252s] [34mcolcon.colcon_core.verb[0m [1;30mDEBUG[0m [32mBuilding package 'armor_detector' with the following arguments: {'ament_cmake_args': None, 'build_base': '/home/hdm/tracker_plus_ttttt/tracker_plus/build/armor_detector', 'catkin_cmake_args': None, 'catkin_skip_building_tests': False, 'cmake_args': None, 'cmake_clean_cache': False, 'cmake_clean_first': False, 'cmake_force_configure': False, 'cmake_target': None, 'cmake_target_skip_unavailable': False, 'install_base': '/home/hdm/tracker_plus_ttttt/tracker_plus/install/armor_detector', 'merge_install': False, 'path': '/home/hdm/tracker_plus_ttttt/tracker_plus/src/rm_auto_aim/armor_detector', 'symlink_install': True, 'test_result_base': None}[0m
[0.252s] [34mcolcon.colcon_core.verb[0m [1;30mLevel 5[0m set package 'armor_executor' build argument 'cmake_args' from command line to 'None'
[0.252s] [34mcolcon.colcon_core.verb[0m [1;30mLevel 5[0m set package 'armor_executor' build argument 'cmake_target' from command line to 'None'
[0.252s] [34mcolcon.colcon_core.verb[0m [1;30mLevel 5[0m set package 'armor_executor' build argument 'cmake_target_skip_unavailable' from command line to 'False'
[0.252s] [34mcolcon.colcon_core.verb[0m [1;30mLevel 5[0m set package 'armor_executor' build argument 'cmake_clean_cache' from command line to 'False'
[0.252s] [34mcolcon.colcon_core.verb[0m [1;30mLevel 5[0m set package 'armor_executor' build argument 'cmake_clean_first' from command line to 'False'
[0.252s] [34mcolcon.colcon_core.verb[0m [1;30mLevel 5[0m set package 'armor_executor' build argument 'cmake_force_configure' from command line to 'False'
[0.252s] [34mcolcon.colcon_core.verb[0m [1;30mLevel 5[0m set package 'armor_executor' build argument 'ament_cmake_args' from command line to 'None'
[0.252s] [34mcolcon.colcon_core.verb[0m [1;30mLevel 5[0m set package 'armor_executor' build argument 'catkin_cmake_args' from command line to 'None'
[0.252s] [34mcolcon.colcon_core.verb[0m [1;30mLevel 5[0m set package 'armor_executor' build argument 'catkin_skip_building_tests' from command line to 'False'
[0.252s] [34mcolcon.colcon_core.verb[0m [1;30mDEBUG[0m [32mBuilding package 'armor_executor' with the following arguments: {'ament_cmake_args': None, 'build_base': '/home/hdm/tracker_plus_ttttt/tracker_plus/build/armor_executor', 'catkin_cmake_args': None, 'catkin_skip_building_tests': False, 'cmake_args': None, 'cmake_clean_cache': False, 'cmake_clean_first': False, 'cmake_force_configure': False, 'cmake_target': None, 'cmake_target_skip_unavailable': False, 'install_base': '/home/hdm/tracker_plus_ttttt/tracker_plus/install/armor_executor', 'merge_install': False, 'path': '/home/hdm/tracker_plus_ttttt/tracker_plus/src/rm_auto_aim/armor_executor', 'symlink_install': True, 'test_result_base': None}[0m
[0.252s] [34mcolcon.colcon_core.verb[0m [1;30mLevel 5[0m set package 'buff_detector' build argument 'cmake_args' from command line to 'None'
[0.252s] [34mcolcon.colcon_core.verb[0m [1;30mLevel 5[0m set package 'buff_detector' build argument 'cmake_target' from command line to 'None'
[0.252s] [34mcolcon.colcon_core.verb[0m [1;30mLevel 5[0m set package 'buff_detector' build argument 'cmake_target_skip_unavailable' from command line to 'False'
[0.252s] [34mcolcon.colcon_core.verb[0m [1;30mLevel 5[0m set package 'buff_detector' build argument 'cmake_clean_cache' from command line to 'False'
[0.252s] [34mcolcon.colcon_core.verb[0m [1;30mLevel 5[0m set package 'buff_detector' build argument 'cmake_clean_first' from command line to 'False'
[0.252s] [34mcolcon.colcon_core.verb[0m [1;30mLevel 5[0m set package 'buff_detector' build argument 'cmake_force_configure' from command line to 'False'
[0.252s] [34mcolcon.colcon_core.verb[0m [1;30mLevel 5[0m set package 'buff_detector' build argument 'ament_cmake_args' from command line to 'None'
[0.252s] [34mcolcon.colcon_core.verb[0m [1;30mLevel 5[0m set package 'buff_detector' build argument 'catkin_cmake_args' from command line to 'None'
[0.252s] [34mcolcon.colcon_core.verb[0m [1;30mLevel 5[0m set package 'buff_detector' build argument 'catkin_skip_building_tests' from command line to 'False'
[0.252s] [34mcolcon.colcon_core.verb[0m [1;30mDEBUG[0m [32mBuilding package 'buff_detector' with the following arguments: {'ament_cmake_args': None, 'build_base': '/home/hdm/tracker_plus_ttttt/tracker_plus/build/buff_detector', 'catkin_cmake_args': None, 'catkin_skip_building_tests': False, 'cmake_args': None, 'cmake_clean_cache': False, 'cmake_clean_first': False, 'cmake_force_configure': False, 'cmake_target': None, 'cmake_target_skip_unavailable': False, 'install_base': '/home/hdm/tracker_plus_ttttt/tracker_plus/install/buff_detector', 'merge_install': False, 'path': '/home/hdm/tracker_plus_ttttt/tracker_plus/src/rm_buff/buff_detector', 'symlink_install': True, 'test_result_base': None}[0m
[0.253s] [34mcolcon.colcon_core.verb[0m [1;30mLevel 5[0m set package 'buff_executor' build argument 'cmake_args' from command line to 'None'
[0.253s] [34mcolcon.colcon_core.verb[0m [1;30mLevel 5[0m set package 'buff_executor' build argument 'cmake_target' from command line to 'None'
[0.253s] [34mcolcon.colcon_core.verb[0m [1;30mLevel 5[0m set package 'buff_executor' build argument 'cmake_target_skip_unavailable' from command line to 'False'
[0.253s] [34mcolcon.colcon_core.verb[0m [1;30mLevel 5[0m set package 'buff_executor' build argument 'cmake_clean_cache' from command line to 'False'
[0.253s] [34mcolcon.colcon_core.verb[0m [1;30mLevel 5[0m set package 'buff_executor' build argument 'cmake_clean_first' from command line to 'False'
[0.253s] [34mcolcon.colcon_core.verb[0m [1;30mLevel 5[0m set package 'buff_executor' build argument 'cmake_force_configure' from command line to 'False'
[0.253s] [34mcolcon.colcon_core.verb[0m [1;30mLevel 5[0m set package 'buff_executor' build argument 'ament_cmake_args' from command line to 'None'
[0.253s] [34mcolcon.colcon_core.verb[0m [1;30mLevel 5[0m set package 'buff_executor' build argument 'catkin_cmake_args' from command line to 'None'
[0.253s] [34mcolcon.colcon_core.verb[0m [1;30mLevel 5[0m set package 'buff_executor' build argument 'catkin_skip_building_tests' from command line to 'False'
[0.253s] [34mcolcon.colcon_core.verb[0m [1;30mDEBUG[0m [32mBuilding package 'buff_executor' with the following arguments: {'ament_cmake_args': None, 'build_base': '/home/hdm/tracker_plus_ttttt/tracker_plus/build/buff_executor', 'catkin_cmake_args': None, 'catkin_skip_building_tests': False, 'cmake_args': None, 'cmake_clean_cache': False, 'cmake_clean_first': False, 'cmake_force_configure': False, 'cmake_target': None, 'cmake_target_skip_unavailable': False, 'install_base': '/home/hdm/tracker_plus_ttttt/tracker_plus/install/buff_executor', 'merge_install': False, 'path': '/home/hdm/tracker_plus_ttttt/tracker_plus/src/rm_buff/buff_executor', 'symlink_install': True, 'test_result_base': None}[0m
[0.253s] [34mcolcon.colcon_core.verb[0m [1;30mLevel 5[0m set package 'rm_serial_driver' build argument 'cmake_args' from command line to 'None'
[0.253s] [34mcolcon.colcon_core.verb[0m [1;30mLevel 5[0m set package 'rm_serial_driver' build argument 'cmake_target' from command line to 'None'
[0.253s] [34mcolcon.colcon_core.verb[0m [1;30mLevel 5[0m set package 'rm_serial_driver' build argument 'cmake_target_skip_unavailable' from command line to 'False'
[0.253s] [34mcolcon.colcon_core.verb[0m [1;30mLevel 5[0m set package 'rm_serial_driver' build argument 'cmake_clean_cache' from command line to 'False'
[0.253s] [34mcolcon.colcon_core.verb[0m [1;30mLevel 5[0m set package 'rm_serial_driver' build argument 'cmake_clean_first' from command line to 'False'
[0.253s] [34mcolcon.colcon_core.verb[0m [1;30mLevel 5[0m set package 'rm_serial_driver' build argument 'cmake_force_configure' from command line to 'False'
[0.253s] [34mcolcon.colcon_core.verb[0m [1;30mLevel 5[0m set package 'rm_serial_driver' build argument 'ament_cmake_args' from command line to 'None'
[0.253s] [34mcolcon.colcon_core.verb[0m [1;30mLevel 5[0m set package 'rm_serial_driver' build argument 'catkin_cmake_args' from command line to 'None'
[0.253s] [34mcolcon.colcon_core.verb[0m [1;30mLevel 5[0m set package 'rm_serial_driver' build argument 'catkin_skip_building_tests' from command line to 'False'
[0.253s] [34mcolcon.colcon_core.verb[0m [1;30mDEBUG[0m [32mBuilding package 'rm_serial_driver' with the following arguments: {'ament_cmake_args': None, 'build_base': '/home/hdm/tracker_plus_ttttt/tracker_plus/build/rm_serial_driver', 'catkin_cmake_args': None, 'catkin_skip_building_tests': False, 'cmake_args': None, 'cmake_clean_cache': False, 'cmake_clean_first': False, 'cmake_force_configure': False, 'cmake_target': None, 'cmake_target_skip_unavailable': False, 'install_base': '/home/hdm/tracker_plus_ttttt/tracker_plus/install/rm_serial_driver', 'merge_install': False, 'path': '/home/hdm/tracker_plus_ttttt/tracker_plus/src/rm_serial_driver', 'symlink_install': True, 'test_result_base': None}[0m
[0.253s] [34mcolcon.colcon_core.verb[0m [1;30mLevel 5[0m set package 'armor_tracker' build argument 'cmake_args' from command line to 'None'
[0.253s] [34mcolcon.colcon_core.verb[0m [1;30mLevel 5[0m set package 'armor_tracker' build argument 'cmake_target' from command line to 'None'
[0.253s] [34mcolcon.colcon_core.verb[0m [1;30mLevel 5[0m set package 'armor_tracker' build argument 'cmake_target_skip_unavailable' from command line to 'False'
[0.253s] [34mcolcon.colcon_core.verb[0m [1;30mLevel 5[0m set package 'armor_tracker' build argument 'cmake_clean_cache' from command line to 'False'
[0.253s] [34mcolcon.colcon_core.verb[0m [1;30mLevel 5[0m set package 'armor_tracker' build argument 'cmake_clean_first' from command line to 'False'
[0.253s] [34mcolcon.colcon_core.verb[0m [1;30mLevel 5[0m set package 'armor_tracker' build argument 'cmake_force_configure' from command line to 'False'
[0.253s] [34mcolcon.colcon_core.verb[0m [1;30mLevel 5[0m set package 'armor_tracker' build argument 'ament_cmake_args' from command line to 'None'
[0.253s] [34mcolcon.colcon_core.verb[0m [1;30mLevel 5[0m set package 'armor_tracker' build argument 'catkin_cmake_args' from command line to 'None'
[0.253s] [34mcolcon.colcon_core.verb[0m [1;30mLevel 5[0m set package 'armor_tracker' build argument 'catkin_skip_building_tests' from command line to 'False'
[0.253s] [34mcolcon.colcon_core.verb[0m [1;30mDEBUG[0m [32mBuilding package 'armor_tracker' with the following arguments: {'ament_cmake_args': None, 'build_base': '/home/hdm/tracker_plus_ttttt/tracker_plus/build/armor_tracker', 'catkin_cmake_args': None, 'catkin_skip_building_tests': False, 'cmake_args': None, 'cmake_clean_cache': False, 'cmake_clean_first': False, 'cmake_force_configure': False, 'cmake_target': None, 'cmake_target_skip_unavailable': False, 'install_base': '/home/hdm/tracker_plus_ttttt/tracker_plus/install/armor_tracker', 'merge_install': False, 'path': '/home/hdm/tracker_plus_ttttt/tracker_plus/src/rm_auto_aim/armor_tracker', 'symlink_install': True, 'test_result_base': None}[0m
[0.253s] [34mcolcon.colcon_core.verb[0m [1;30mLevel 5[0m set package 'buff_tracker' build argument 'cmake_args' from command line to 'None'
[0.253s] [34mcolcon.colcon_core.verb[0m [1;30mLevel 5[0m set package 'buff_tracker' build argument 'cmake_target' from command line to 'None'
[0.253s] [34mcolcon.colcon_core.verb[0m [1;30mLevel 5[0m set package 'buff_tracker' build argument 'cmake_target_skip_unavailable' from command line to 'False'
[0.253s] [34mcolcon.colcon_core.verb[0m [1;30mLevel 5[0m set package 'buff_tracker' build argument 'cmake_clean_cache' from command line to 'False'
[0.253s] [34mcolcon.colcon_core.verb[0m [1;30mLevel 5[0m set package 'buff_tracker' build argument 'cmake_clean_first' from command line to 'False'
[0.253s] [34mcolcon.colcon_core.verb[0m [1;30mLevel 5[0m set package 'buff_tracker' build argument 'cmake_force_configure' from command line to 'False'
[0.253s] [34mcolcon.colcon_core.verb[0m [1;30mLevel 5[0m set package 'buff_tracker' build argument 'ament_cmake_args' from command line to 'None'
[0.254s] [34mcolcon.colcon_core.verb[0m [1;30mLevel 5[0m set package 'buff_tracker' build argument 'catkin_cmake_args' from command line to 'None'
[0.254s] [34mcolcon.colcon_core.verb[0m [1;30mLevel 5[0m set package 'buff_tracker' build argument 'catkin_skip_building_tests' from command line to 'False'
[0.254s] [34mcolcon.colcon_core.verb[0m [1;30mDEBUG[0m [32mBuilding package 'buff_tracker' with the following arguments: {'ament_cmake_args': None, 'build_base': '/home/hdm/tracker_plus_ttttt/tracker_plus/build/buff_tracker', 'catkin_cmake_args': None, 'catkin_skip_building_tests': False, 'cmake_args': None, 'cmake_clean_cache': False, 'cmake_clean_first': False, 'cmake_force_configure': False, 'cmake_target': None, 'cmake_target_skip_unavailable': False, 'install_base': '/home/hdm/tracker_plus_ttttt/tracker_plus/install/buff_tracker', 'merge_install': False, 'path': '/home/hdm/tracker_plus_ttttt/tracker_plus/src/rm_buff/buff_tracker', 'symlink_install': True, 'test_result_base': None}[0m
[0.254s] [34mcolcon.colcon_core.verb[0m [1;30mLevel 5[0m set package 'rm_auto_aim' build argument 'cmake_args' from command line to 'None'
[0.254s] [34mcolcon.colcon_core.verb[0m [1;30mLevel 5[0m set package 'rm_auto_aim' build argument 'cmake_target' from command line to 'None'
[0.254s] [34mcolcon.colcon_core.verb[0m [1;30mLevel 5[0m set package 'rm_auto_aim' build argument 'cmake_target_skip_unavailable' from command line to 'False'
[0.254s] [34mcolcon.colcon_core.verb[0m [1;30mLevel 5[0m set package 'rm_auto_aim' build argument 'cmake_clean_cache' from command line to 'False'
[0.254s] [34mcolcon.colcon_core.verb[0m [1;30mLevel 5[0m set package 'rm_auto_aim' build argument 'cmake_clean_first' from command line to 'False'
[0.254s] [34mcolcon.colcon_core.verb[0m [1;30mLevel 5[0m set package 'rm_auto_aim' build argument 'cmake_force_configure' from command line to 'False'
[0.254s] [34mcolcon.colcon_core.verb[0m [1;30mLevel 5[0m set package 'rm_auto_aim' build argument 'ament_cmake_args' from command line to 'None'
[0.254s] [34mcolcon.colcon_core.verb[0m [1;30mLevel 5[0m set package 'rm_auto_aim' build argument 'catkin_cmake_args' from command line to 'None'
[0.254s] [34mcolcon.colcon_core.verb[0m [1;30mLevel 5[0m set package 'rm_auto_aim' build argument 'catkin_skip_building_tests' from command line to 'False'
[0.254s] [34mcolcon.colcon_core.verb[0m [1;30mDEBUG[0m [32mBuilding package 'rm_auto_aim' with the following arguments: {'ament_cmake_args': None, 'build_base': '/home/hdm/tracker_plus_ttttt/tracker_plus/build/rm_auto_aim', 'catkin_cmake_args': None, 'catkin_skip_building_tests': False, 'cmake_args': None, 'cmake_clean_cache': False, 'cmake_clean_first': False, 'cmake_force_configure': False, 'cmake_target': None, 'cmake_target_skip_unavailable': False, 'install_base': '/home/hdm/tracker_plus_ttttt/tracker_plus/install/rm_auto_aim', 'merge_install': False, 'path': '/home/hdm/tracker_plus_ttttt/tracker_plus/src/rm_auto_aim/rm_auto_aim', 'symlink_install': True, 'test_result_base': None}[0m
[0.254s] [34mcolcon.colcon_core.verb[0m [1;30mLevel 5[0m set package 'rm_buff' build argument 'cmake_args' from command line to 'None'
[0.254s] [34mcolcon.colcon_core.verb[0m [1;30mLevel 5[0m set package 'rm_buff' build argument 'cmake_target' from command line to 'None'
[0.254s] [34mcolcon.colcon_core.verb[0m [1;30mLevel 5[0m set package 'rm_buff' build argument 'cmake_target_skip_unavailable' from command line to 'False'
[0.254s] [34mcolcon.colcon_core.verb[0m [1;30mLevel 5[0m set package 'rm_buff' build argument 'cmake_clean_cache' from command line to 'False'
[0.254s] [34mcolcon.colcon_core.verb[0m [1;30mLevel 5[0m set package 'rm_buff' build argument 'cmake_clean_first' from command line to 'False'
[0.254s] [34mcolcon.colcon_core.verb[0m [1;30mLevel 5[0m set package 'rm_buff' build argument 'cmake_force_configure' from command line to 'False'
[0.254s] [34mcolcon.colcon_core.verb[0m [1;30mLevel 5[0m set package 'rm_buff' build argument 'ament_cmake_args' from command line to 'None'
[0.254s] [34mcolcon.colcon_core.verb[0m [1;30mLevel 5[0m set package 'rm_buff' build argument 'catkin_cmake_args' from command line to 'None'
[0.254s] [34mcolcon.colcon_core.verb[0m [1;30mLevel 5[0m set package 'rm_buff' build argument 'catkin_skip_building_tests' from command line to 'False'
[0.254s] [34mcolcon.colcon_core.verb[0m [1;30mDEBUG[0m [32mBuilding package 'rm_buff' with the following arguments: {'ament_cmake_args': None, 'build_base': '/home/hdm/tracker_plus_ttttt/tracker_plus/build/rm_buff', 'catkin_cmake_args': None, 'catkin_skip_building_tests': False, 'cmake_args': None, 'cmake_clean_cache': False, 'cmake_clean_first': False, 'cmake_force_configure': False, 'cmake_target': None, 'cmake_target_skip_unavailable': False, 'install_base': '/home/hdm/tracker_plus_ttttt/tracker_plus/install/rm_buff', 'merge_install': False, 'path': '/home/hdm/tracker_plus_ttttt/tracker_plus/src/rm_buff/rm_buff', 'symlink_install': True, 'test_result_base': None}[0m
[0.254s] [34mcolcon.colcon_core.verb[0m [1;30mLevel 5[0m set package 'rm_buff_bringup' build argument 'cmake_args' from command line to 'None'
[0.254s] [34mcolcon.colcon_core.verb[0m [1;30mLevel 5[0m set package 'rm_buff_bringup' build argument 'cmake_target' from command line to 'None'
[0.254s] [34mcolcon.colcon_core.verb[0m [1;30mLevel 5[0m set package 'rm_buff_bringup' build argument 'cmake_target_skip_unavailable' from command line to 'False'
[0.254s] [34mcolcon.colcon_core.verb[0m [1;30mLevel 5[0m set package 'rm_buff_bringup' build argument 'cmake_clean_cache' from command line to 'False'
[0.254s] [34mcolcon.colcon_core.verb[0m [1;30mLevel 5[0m set package 'rm_buff_bringup' build argument 'cmake_clean_first' from command line to 'False'
[0.254s] [34mcolcon.colcon_core.verb[0m [1;30mLevel 5[0m set package 'rm_buff_bringup' build argument 'cmake_force_configure' from command line to 'False'
[0.254s] [34mcolcon.colcon_core.verb[0m [1;30mLevel 5[0m set package 'rm_buff_bringup' build argument 'ament_cmake_args' from command line to 'None'
[0.254s] [34mcolcon.colcon_core.verb[0m [1;30mLevel 5[0m set package 'rm_buff_bringup' build argument 'catkin_cmake_args' from command line to 'None'
[0.254s] [34mcolcon.colcon_core.verb[0m [1;30mLevel 5[0m set package 'rm_buff_bringup' build argument 'catkin_skip_building_tests' from command line to 'False'
[0.254s] [34mcolcon.colcon_core.verb[0m [1;30mDEBUG[0m [32mBuilding package 'rm_buff_bringup' with the following arguments: {'ament_cmake_args': None, 'build_base': '/home/hdm/tracker_plus_ttttt/tracker_plus/build/rm_buff_bringup', 'catkin_cmake_args': None, 'catkin_skip_building_tests': False, 'cmake_args': None, 'cmake_clean_cache': False, 'cmake_clean_first': False, 'cmake_force_configure': False, 'cmake_target': None, 'cmake_target_skip_unavailable': False, 'install_base': '/home/hdm/tracker_plus_ttttt/tracker_plus/install/rm_buff_bringup', 'merge_install': False, 'path': '/home/hdm/tracker_plus_ttttt/tracker_plus/src/rm_buff/rm_buff_bringup', 'symlink_install': True, 'test_result_base': None}[0m
[0.255s] [34mcolcon.colcon_core.verb[0m [1;30mLevel 5[0m set package 'rm_vision_bringup' build argument 'cmake_args' from command line to 'None'
[0.255s] [34mcolcon.colcon_core.verb[0m [1;30mLevel 5[0m set package 'rm_vision_bringup' build argument 'cmake_target' from command line to 'None'
[0.255s] [34mcolcon.colcon_core.verb[0m [1;30mLevel 5[0m set package 'rm_vision_bringup' build argument 'cmake_target_skip_unavailable' from command line to 'False'
[0.255s] [34mcolcon.colcon_core.verb[0m [1;30mLevel 5[0m set package 'rm_vision_bringup' build argument 'cmake_clean_cache' from command line to 'False'
[0.255s] [34mcolcon.colcon_core.verb[0m [1;30mLevel 5[0m set package 'rm_vision_bringup' build argument 'cmake_clean_first' from command line to 'False'
[0.255s] [34mcolcon.colcon_core.verb[0m [1;30mLevel 5[0m set package 'rm_vision_bringup' build argument 'cmake_force_configure' from command line to 'False'
[0.255s] [34mcolcon.colcon_core.verb[0m [1;30mLevel 5[0m set package 'rm_vision_bringup' build argument 'ament_cmake_args' from command line to 'None'
[0.255s] [34mcolcon.colcon_core.verb[0m [1;30mLevel 5[0m set package 'rm_vision_bringup' build argument 'catkin_cmake_args' from command line to 'None'
[0.255s] [34mcolcon.colcon_core.verb[0m [1;30mLevel 5[0m set package 'rm_vision_bringup' build argument 'catkin_skip_building_tests' from command line to 'False'
[0.255s] [34mcolcon.colcon_core.verb[0m [1;30mDEBUG[0m [32mBuilding package 'rm_vision_bringup' with the following arguments: {'ament_cmake_args': None, 'build_base': '/home/hdm/tracker_plus_ttttt/tracker_plus/build/rm_vision_bringup', 'catkin_cmake_args': None, 'catkin_skip_building_tests': False, 'cmake_args': None, 'cmake_clean_cache': False, 'cmake_clean_first': False, 'cmake_force_configure': False, 'cmake_target': None, 'cmake_target_skip_unavailable': False, 'install_base': '/home/hdm/tracker_plus_ttttt/tracker_plus/install/rm_vision_bringup', 'merge_install': False, 'path': '/home/hdm/tracker_plus_ttttt/tracker_plus/src/rm_vision/rm_vision_bringup', 'symlink_install': True, 'test_result_base': None}[0m
[0.255s] [34mcolcon.colcon_core.executor[0m [1;30mINFO[0m Executing jobs using 'parallel' executor
[0.256s] [34mcolcon.colcon_parallel_executor.executor.parallel[0m [1;30mDEBUG[0m [32mrun_until_complete[0m
[0.256s] [34mcolcon.colcon_ros.task.ament_cmake.build[0m [1;30mINFO[0m Building ROS package in '/home/hdm/tracker_plus_ttttt/tracker_plus/src/rm_auto_aim/auto_aim_interfaces' with build type 'ament_cmake'
[0.256s] [34mcolcon.colcon_cmake.task.cmake.build[0m [1;30mINFO[0m Building CMake package in '/home/hdm/tracker_plus_ttttt/tracker_plus/src/rm_auto_aim/auto_aim_interfaces'
[0.258s] [34mcolcon.colcon_core.plugin_system[0m [1;30mINFO[0m Skipping extension 'colcon_core.shell.bat': Not used on non-Windows systems
[0.258s] [34mcolcon.colcon_core.shell[0m [1;30mINFO[0m Skip shell extension 'powershell' for command environment: Not usable outside of PowerShell
[0.258s] [34mcolcon.colcon_core.shell[0m [1;30mDEBUG[0m [32mSkip shell extension 'dsv' for command environment[0m
[0.260s] [34mcolcon.colcon_ros.task.ament_cmake.build[0m [1;30mINFO[0m Building ROS package in '/home/hdm/tracker_plus_ttttt/tracker_plus/src/rm_buff/buff_interfaces' with build type 'ament_cmake'
[0.260s] [34mcolcon.colcon_cmake.task.cmake.build[0m [1;30mINFO[0m Building CMake package in '/home/hdm/tracker_plus_ttttt/tracker_plus/src/rm_buff/buff_interfaces'
[0.260s] [34mcolcon.colcon_core.shell[0m [1;30mINFO[0m Skip shell extension 'powershell' for command environment: Not usable outside of PowerShell
[0.260s] [34mcolcon.colcon_core.shell[0m [1;30mDEBUG[0m [32mSkip shell extension 'dsv' for command environment[0m
[0.262s] [34mcolcon.colcon_ros.task.ament_cmake.build[0m [1;30mINFO[0m Building ROS package in '/home/hdm/tracker_plus_ttttt/tracker_plus/src/rm_gimbal_description' with build type 'ament_cmake'
[0.262s] [34mcolcon.colcon_cmake.task.cmake.build[0m [1;30mINFO[0m Building CMake package in '/home/hdm/tracker_plus_ttttt/tracker_plus/src/rm_gimbal_description'
[0.262s] [34mcolcon.colcon_core.shell[0m [1;30mINFO[0m Skip shell extension 'powershell' for command environment: Not usable outside of PowerShell
[0.262s] [34mcolcon.colcon_core.shell[0m [1;30mDEBUG[0m [32mSkip shell extension 'dsv' for command environment[0m
[0.264s] [34mcolcon.colcon_ros.task.ament_cmake.build[0m [1;30mINFO[0m Building ROS package in '/home/hdm/tracker_plus_ttttt/tracker_plus/src/ros2_hik_camera' with build type 'ament_cmake'
[0.264s] [34mcolcon.colcon_cmake.task.cmake.build[0m [1;30mINFO[0m Building CMake package in '/home/hdm/tracker_plus_ttttt/tracker_plus/src/ros2_hik_camera'
[0.264s] [34mcolcon.colcon_core.shell[0m [1;30mINFO[0m Skip shell extension 'powershell' for command environment: Not usable outside of PowerShell
[0.264s] [34mcolcon.colcon_core.shell[0m [1;30mDEBUG[0m [32mSkip shell extension 'dsv' for command environment[0m
[0.267s] [34mcolcon.colcon_ros.task.ament_cmake.build[0m [1;30mINFO[0m Building ROS package in '/home/hdm/tracker_plus_ttttt/tracker_plus/src/rm_auto_record' with build type 'ament_cmake'
[0.267s] [34mcolcon.colcon_cmake.task.cmake.build[0m [1;30mINFO[0m Building CMake package in '/home/hdm/tracker_plus_ttttt/tracker_plus/src/rm_auto_record'
[0.267s] [34mcolcon.colcon_core.shell[0m [1;30mINFO[0m Skip shell extension 'powershell' for command environment: Not usable outside of PowerShell
[0.267s] [34mcolcon.colcon_core.shell[0m [1;30mDEBUG[0m [32mSkip shell extension 'dsv' for command environment[0m
[0.271s] [34mcolcon.colcon_core.event_handler.log_command[0m [1;30mDEBUG[0m [32mInvoking command in '/home/hdm/tracker_plus_ttttt/tracker_plus/build/auto_aim_interfaces': CMAKE_PREFIX_PATH=/opt/ros/humble /usr/bin/cmake /home/hdm/tracker_plus_ttttt/tracker_plus/src/rm_auto_aim/auto_aim_interfaces -DAMENT_CMAKE_SYMLINK_INSTALL=1 -DCMAKE_INSTALL_PREFIX=/home/hdm/tracker_plus_ttttt/tracker_plus/install/auto_aim_interfaces[0m
[0.275s] [34mcolcon.colcon_core.event_handler.log_command[0m [1;30mDEBUG[0m [32mInvoking command in '/home/hdm/tracker_plus_ttttt/tracker_plus/build/buff_interfaces': CMAKE_PREFIX_PATH=/opt/ros/humble /usr/bin/cmake /home/hdm/tracker_plus_ttttt/tracker_plus/src/rm_buff/buff_interfaces -DAMENT_CMAKE_SYMLINK_INSTALL=1 -DCMAKE_INSTALL_PREFIX=/home/hdm/tracker_plus_ttttt/tracker_plus/install/buff_interfaces[0m
[0.277s] [34mcolcon.colcon_core.event_handler.log_command[0m [1;30mDEBUG[0m [32mInvoking command in '/home/hdm/tracker_plus_ttttt/tracker_plus/build/rm_gimbal_description': CMAKE_PREFIX_PATH=/opt/ros/humble /usr/bin/cmake /home/hdm/tracker_plus_ttttt/tracker_plus/src/rm_gimbal_description -DAMENT_CMAKE_SYMLINK_INSTALL=1 -DCMAKE_INSTALL_PREFIX=/home/hdm/tracker_plus_ttttt/tracker_plus/install/rm_gimbal_description[0m
[0.280s] [34mcolcon.colcon_core.event_handler.log_command[0m [1;30mDEBUG[0m [32mInvoking command in '/home/hdm/tracker_plus_ttttt/tracker_plus/build/hik_camera': CMAKE_PREFIX_PATH=/opt/ros/humble /usr/bin/cmake /home/hdm/tracker_plus_ttttt/tracker_plus/src/ros2_hik_camera -DAMENT_CMAKE_SYMLINK_INSTALL=1 -DCMAKE_INSTALL_PREFIX=/home/hdm/tracker_plus_ttttt/tracker_plus/install/hik_camera[0m
[0.283s] [34mcolcon.colcon_core.event_handler.log_command[0m [1;30mDEBUG[0m [32mInvoking command in '/home/hdm/tracker_plus_ttttt/tracker_plus/build/rm_auto_record': CMAKE_PREFIX_PATH=/opt/ros/humble /usr/bin/cmake /home/hdm/tracker_plus_ttttt/tracker_plus/src/rm_auto_record -DAMENT_CMAKE_SYMLINK_INSTALL=1 -DCMAKE_INSTALL_PREFIX=/home/hdm/tracker_plus_ttttt/tracker_plus/install/rm_auto_record[0m
[0.878s] [34mcolcon.colcon_core.event_handler.log_command[0m [1;30mDEBUG[0m [32mInvoked command in '/home/hdm/tracker_plus_ttttt/tracker_plus/build/rm_gimbal_description' returned '0': CMAKE_PREFIX_PATH=/opt/ros/humble /usr/bin/cmake /home/hdm/tracker_plus_ttttt/tracker_plus/src/rm_gimbal_description -DAMENT_CMAKE_SYMLINK_INSTALL=1 -DCMAKE_INSTALL_PREFIX=/home/hdm/tracker_plus_ttttt/tracker_plus/install/rm_gimbal_description[0m
[0.880s] [34mcolcon.colcon_core.event_handler.log_command[0m [1;30mDEBUG[0m [32mInvoking command in '/home/hdm/tracker_plus_ttttt/tracker_plus/build/rm_gimbal_description': CMAKE_PREFIX_PATH=/opt/ros/humble /usr/bin/cmake --build /home/hdm/tracker_plus_ttttt/tracker_plus/build/rm_gimbal_description -- -j24 -l24[0m
[0.913s] [34mcolcon.colcon_core.event_handler.log_command[0m [1;30mDEBUG[0m [32mInvoked command in '/home/hdm/tracker_plus_ttttt/tracker_plus/build/rm_gimbal_description' returned '0': CMAKE_PREFIX_PATH=/opt/ros/humble /usr/bin/cmake --build /home/hdm/tracker_plus_ttttt/tracker_plus/build/rm_gimbal_description -- -j24 -l24[0m
[0.923s] [34mcolcon.colcon_core.event_handler.log_command[0m [1;30mDEBUG[0m [32mInvoking command in '/home/hdm/tracker_plus_ttttt/tracker_plus/build/rm_gimbal_description': CMAKE_PREFIX_PATH=/opt/ros/humble /usr/bin/cmake --install /home/hdm/tracker_plus_ttttt/tracker_plus/build/rm_gimbal_description[0m
[1.061s] [34mcolcon.colcon_core.environment[0m [1;30mLevel 1[0m create_environment_scripts_only(rm_gimbal_description)
[1.061s] [34mcolcon.colcon_core.event_handler.log_command[0m [1;30mDEBUG[0m [32mInvoked command in '/home/hdm/tracker_plus_ttttt/tracker_plus/build/rm_gimbal_description' returned '0': CMAKE_PREFIX_PATH=/opt/ros/humble /usr/bin/cmake --install /home/hdm/tracker_plus_ttttt/tracker_plus/build/rm_gimbal_description[0m
[1.065s] [34mcolcon.colcon_core.environment[0m [1;30mLevel 1[0m checking '/home/hdm/tracker_plus_ttttt/tracker_plus/install/rm_gimbal_description' for CMake module files
[1.065s] [34mcolcon.colcon_core.environment[0m [1;30mLevel 1[0m checking '/home/hdm/tracker_plus_ttttt/tracker_plus/install/rm_gimbal_description' for CMake config files
[1.065s] [34mcolcon.colcon_core.shell[0m [1;30mLevel 1[0m create_environment_hook('rm_gimbal_description', 'cmake_prefix_path')
[1.065s] [34mcolcon.colcon_core.shell[0m [1;30mINFO[0m Creating environment hook '/home/hdm/tracker_plus_ttttt/tracker_plus/install/rm_gimbal_description/share/rm_gimbal_description/hook/cmake_prefix_path.ps1'
[1.066s] [34mcolcon.colcon_core.shell[0m [1;30mINFO[0m Creating environment descriptor '/home/hdm/tracker_plus_ttttt/tracker_plus/install/rm_gimbal_description/share/rm_gimbal_description/hook/cmake_prefix_path.dsv'
[1.066s] [34mcolcon.colcon_core.shell[0m [1;30mINFO[0m Creating environment hook '/home/hdm/tracker_plus_ttttt/tracker_plus/install/rm_gimbal_description/share/rm_gimbal_description/hook/cmake_prefix_path.sh'
[1.067s] [34mcolcon.colcon_core.environment[0m [1;30mLevel 1[0m checking '/home/hdm/tracker_plus_ttttt/tracker_plus/install/rm_gimbal_description/bin'
[1.067s] [34mcolcon.colcon_core.environment[0m [1;30mLevel 1[0m checking '/home/hdm/tracker_plus_ttttt/tracker_plus/install/rm_gimbal_description/lib/pkgconfig/rm_gimbal_description.pc'
[1.068s] [34mcolcon.colcon_core.environment[0m [1;30mLevel 1[0m checking '/home/hdm/tracker_plus_ttttt/tracker_plus/install/rm_gimbal_description/lib/python3.10/site-packages'
[1.068s] [34mcolcon.colcon_core.environment[0m [1;30mLevel 1[0m checking '/home/hdm/tracker_plus_ttttt/tracker_plus/install/rm_gimbal_description/bin'
[1.068s] [34mcolcon.colcon_core.shell[0m [1;30mINFO[0m Creating package script '/home/hdm/tracker_plus_ttttt/tracker_plus/install/rm_gimbal_description/share/rm_gimbal_description/package.ps1'
[1.069s] [34mcolcon.colcon_core.shell[0m [1;30mINFO[0m Creating package descriptor '/home/hdm/tracker_plus_ttttt/tracker_plus/install/rm_gimbal_description/share/rm_gimbal_description/package.dsv'
[1.069s] [34mcolcon.colcon_core.shell[0m [1;30mINFO[0m Creating package script '/home/hdm/tracker_plus_ttttt/tracker_plus/install/rm_gimbal_description/share/rm_gimbal_description/package.sh'
[1.069s] [34mcolcon.colcon_core.shell[0m [1;30mINFO[0m Creating package script '/home/hdm/tracker_plus_ttttt/tracker_plus/install/rm_gimbal_description/share/rm_gimbal_description/package.bash'
[1.070s] [34mcolcon.colcon_core.shell[0m [1;30mINFO[0m Creating package script '/home/hdm/tracker_plus_ttttt/tracker_plus/install/rm_gimbal_description/share/rm_gimbal_description/package.zsh'
[1.071s] [34mcolcon.colcon_core.environment[0m [1;30mLevel 1[0m create_file_with_runtime_dependencies(/home/hdm/tracker_plus_ttttt/tracker_plus/install/rm_gimbal_description/share/colcon-core/packages/rm_gimbal_description)
[1.071s] [34mcolcon.colcon_core.environment[0m [1;30mLevel 1[0m create_environment_scripts_only(rm_gimbal_description)
[1.071s] [34mcolcon.colcon_core.environment[0m [1;30mLevel 1[0m checking '/home/hdm/tracker_plus_ttttt/tracker_plus/install/rm_gimbal_description' for CMake module files
[1.071s] [34mcolcon.colcon_core.environment[0m [1;30mLevel 1[0m checking '/home/hdm/tracker_plus_ttttt/tracker_plus/install/rm_gimbal_description' for CMake config files
[1.072s] [34mcolcon.colcon_core.shell[0m [1;30mLevel 1[0m create_environment_hook('rm_gimbal_description', 'cmake_prefix_path')
[1.072s] [34mcolcon.colcon_core.shell[0m [1;30mINFO[0m Creating environment hook '/home/hdm/tracker_plus_ttttt/tracker_plus/install/rm_gimbal_description/share/rm_gimbal_description/hook/cmake_prefix_path.ps1'
[1.072s] [34mcolcon.colcon_core.shell[0m [1;30mINFO[0m Creating environment descriptor '/home/hdm/tracker_plus_ttttt/tracker_plus/install/rm_gimbal_description/share/rm_gimbal_description/hook/cmake_prefix_path.dsv'
[1.072s] [34mcolcon.colcon_core.shell[0m [1;30mINFO[0m Creating environment hook '/home/hdm/tracker_plus_ttttt/tracker_plus/install/rm_gimbal_description/share/rm_gimbal_description/hook/cmake_prefix_path.sh'
[1.073s] [34mcolcon.colcon_core.environment[0m [1;30mLevel 1[0m checking '/home/hdm/tracker_plus_ttttt/tracker_plus/install/rm_gimbal_description/bin'
[1.073s] [34mcolcon.colcon_core.environment[0m [1;30mLevel 1[0m checking '/home/hdm/tracker_plus_ttttt/tracker_plus/install/rm_gimbal_description/lib/pkgconfig/rm_gimbal_description.pc'
[1.073s] [34mcolcon.colcon_core.environment[0m [1;30mLevel 1[0m checking '/home/hdm/tracker_plus_ttttt/tracker_plus/install/rm_gimbal_description/lib/python3.10/site-packages'
[1.073s] [34mcolcon.colcon_core.environment[0m [1;30mLevel 1[0m checking '/home/hdm/tracker_plus_ttttt/tracker_plus/install/rm_gimbal_description/bin'
[1.073s] [34mcolcon.colcon_core.shell[0m [1;30mINFO[0m Creating package script '/home/hdm/tracker_plus_ttttt/tracker_plus/install/rm_gimbal_description/share/rm_gimbal_description/package.ps1'
[1.073s] [34mcolcon.colcon_core.shell[0m [1;30mINFO[0m Creating package descriptor '/home/hdm/tracker_plus_ttttt/tracker_plus/install/rm_gimbal_description/share/rm_gimbal_description/package.dsv'
[1.074s] [34mcolcon.colcon_core.shell[0m [1;30mINFO[0m Creating package script '/home/hdm/tracker_plus_ttttt/tracker_plus/install/rm_gimbal_description/share/rm_gimbal_description/package.sh'
[1.074s] [34mcolcon.colcon_core.shell[0m [1;30mINFO[0m Creating package script '/home/hdm/tracker_plus_ttttt/tracker_plus/install/rm_gimbal_description/share/rm_gimbal_description/package.bash'
[1.074s] [34mcolcon.colcon_core.shell[0m [1;30mINFO[0m Creating package script '/home/hdm/tracker_plus_ttttt/tracker_plus/install/rm_gimbal_description/share/rm_gimbal_description/package.zsh'
[1.074s] [34mcolcon.colcon_core.environment[0m [1;30mLevel 1[0m create_file_with_runtime_dependencies(/home/hdm/tracker_plus_ttttt/tracker_plus/install/rm_gimbal_description/share/colcon-core/packages/rm_gimbal_description)
[1.395s] [34mcolcon.colcon_core.event_handler.log_command[0m [1;30mDEBUG[0m [32mInvoked command in '/home/hdm/tracker_plus_ttttt/tracker_plus/build/rm_auto_record' returned '0': CMAKE_PREFIX_PATH=/opt/ros/humble /usr/bin/cmake /home/hdm/tracker_plus_ttttt/tracker_plus/src/rm_auto_record -DAMENT_CMAKE_SYMLINK_INSTALL=1 -DCMAKE_INSTALL_PREFIX=/home/hdm/tracker_plus_ttttt/tracker_plus/install/rm_auto_record[0m
[1.396s] [34mcolcon.colcon_core.event_handler.log_command[0m [1;30mDEBUG[0m [32mInvoking command in '/home/hdm/tracker_plus_ttttt/tracker_plus/build/rm_auto_record': CMAKE_PREFIX_PATH=/opt/ros/humble /usr/bin/cmake --build /home/hdm/tracker_plus_ttttt/tracker_plus/build/rm_auto_record -- -j24 -l24[0m
[1.403s] [34mcolcon.colcon_core.event_handler.log_command[0m [1;30mDEBUG[0m [32mInvoked command in '/home/hdm/tracker_plus_ttttt/tracker_plus/build/hik_camera' returned '0': CMAKE_PREFIX_PATH=/opt/ros/humble /usr/bin/cmake /home/hdm/tracker_plus_ttttt/tracker_plus/src/ros2_hik_camera -DAMENT_CMAKE_SYMLINK_INSTALL=1 -DCMAKE_INSTALL_PREFIX=/home/hdm/tracker_plus_ttttt/tracker_plus/install/hik_camera[0m
[1.405s] [34mcolcon.colcon_core.event_handler.log_command[0m [1;30mDEBUG[0m [32mInvoking command in '/home/hdm/tracker_plus_ttttt/tracker_plus/build/hik_camera': CMAKE_PREFIX_PATH=/opt/ros/humble /usr/bin/cmake --build /home/hdm/tracker_plus_ttttt/tracker_plus/build/hik_camera -- -j24 -l24[0m
[1.852s] [34mcolcon.colcon_core.event_handler.log_command[0m [1;30mDEBUG[0m [32mInvoked command in '/home/hdm/tracker_plus_ttttt/tracker_plus/build/buff_interfaces' returned '0': CMAKE_PREFIX_PATH=/opt/ros/humble /usr/bin/cmake /home/hdm/tracker_plus_ttttt/tracker_plus/src/rm_buff/buff_interfaces -DAMENT_CMAKE_SYMLINK_INSTALL=1 -DCMAKE_INSTALL_PREFIX=/home/hdm/tracker_plus_ttttt/tracker_plus/install/buff_interfaces[0m
[1.854s] [34mcolcon.colcon_core.event_handler.log_command[0m [1;30mDEBUG[0m [32mInvoking command in '/home/hdm/tracker_plus_ttttt/tracker_plus/build/buff_interfaces': CMAKE_PREFIX_PATH=/opt/ros/humble /usr/bin/cmake --build /home/hdm/tracker_plus_ttttt/tracker_plus/build/buff_interfaces -- -j24 -l24[0m
[1.872s] [34mcolcon.colcon_core.event_handler.log_command[0m [1;30mDEBUG[0m [32mInvoked command in '/home/hdm/tracker_plus_ttttt/tracker_plus/build/auto_aim_interfaces' returned '0': CMAKE_PREFIX_PATH=/opt/ros/humble /usr/bin/cmake /home/hdm/tracker_plus_ttttt/tracker_plus/src/rm_auto_aim/auto_aim_interfaces -DAMENT_CMAKE_SYMLINK_INSTALL=1 -DCMAKE_INSTALL_PREFIX=/home/hdm/tracker_plus_ttttt/tracker_plus/install/auto_aim_interfaces[0m
[1.873s] [34mcolcon.colcon_core.event_handler.log_command[0m [1;30mDEBUG[0m [32mInvoking command in '/home/hdm/tracker_plus_ttttt/tracker_plus/build/auto_aim_interfaces': CMAKE_PREFIX_PATH=/opt/ros/humble /usr/bin/cmake --build /home/hdm/tracker_plus_ttttt/tracker_plus/build/auto_aim_interfaces -- -j24 -l24[0m
[7.172s] [34mcolcon.colcon_core.event_handler.log_command[0m [1;30mDEBUG[0m [32mInvoked command in '/home/hdm/tracker_plus_ttttt/tracker_plus/build/hik_camera' returned '0': CMAKE_PREFIX_PATH=/opt/ros/humble /usr/bin/cmake --build /home/hdm/tracker_plus_ttttt/tracker_plus/build/hik_camera -- -j24 -l24[0m
[7.174s] [34mcolcon.colcon_core.event_handler.log_command[0m [1;30mDEBUG[0m [32mInvoking command in '/home/hdm/tracker_plus_ttttt/tracker_plus/build/hik_camera': CMAKE_PREFIX_PATH=/opt/ros/humble /usr/bin/cmake --install /home/hdm/tracker_plus_ttttt/tracker_plus/build/hik_camera[0m
[7.617s] [34mcolcon.colcon_core.environment[0m [1;30mLevel 1[0m create_environment_scripts_only(hik_camera)
[7.619s] [34mcolcon.colcon_core.environment[0m [1;30mLevel 1[0m checking '/home/hdm/tracker_plus_ttttt/tracker_plus/install/hik_camera' for CMake module files
[7.620s] [34mcolcon.colcon_core.event_handler.log_command[0m [1;30mDEBUG[0m [32mInvoked command in '/home/hdm/tracker_plus_ttttt/tracker_plus/build/hik_camera' returned '0': CMAKE_PREFIX_PATH=/opt/ros/humble /usr/bin/cmake --install /home/hdm/tracker_plus_ttttt/tracker_plus/build/hik_camera[0m
[7.621s] [34mcolcon.colcon_core.environment[0m [1;30mLevel 1[0m checking '/home/hdm/tracker_plus_ttttt/tracker_plus/install/hik_camera' for CMake config files
[7.623s] [34mcolcon.colcon_core.shell[0m [1;30mLevel 1[0m create_environment_hook('hik_camera', 'cmake_prefix_path')
[7.623s] [34mcolcon.colcon_core.shell[0m [1;30mINFO[0m Creating environment hook '/home/hdm/tracker_plus_ttttt/tracker_plus/install/hik_camera/share/hik_camera/hook/cmake_prefix_path.ps1'
[7.625s] [34mcolcon.colcon_core.shell[0m [1;30mINFO[0m Creating environment descriptor '/home/hdm/tracker_plus_ttttt/tracker_plus/install/hik_camera/share/hik_camera/hook/cmake_prefix_path.dsv'
[7.627s] [34mcolcon.colcon_core.shell[0m [1;30mINFO[0m Creating environment hook '/home/hdm/tracker_plus_ttttt/tracker_plus/install/hik_camera/share/hik_camera/hook/cmake_prefix_path.sh'
[7.629s] [34mcolcon.colcon_core.environment[0m [1;30mLevel 1[0m checking '/home/hdm/tracker_plus_ttttt/tracker_plus/install/hik_camera/lib'
[7.630s] [34mcolcon.colcon_core.shell[0m [1;30mLevel 1[0m create_environment_hook('hik_camera', 'ld_library_path_lib')
[7.631s] [34mcolcon.colcon_core.shell[0m [1;30mINFO[0m Creating environment hook '/home/hdm/tracker_plus_ttttt/tracker_plus/install/hik_camera/share/hik_camera/hook/ld_library_path_lib.ps1'
[7.632s] [34mcolcon.colcon_core.shell[0m [1;30mINFO[0m Creating environment descriptor '/home/hdm/tracker_plus_ttttt/tracker_plus/install/hik_camera/share/hik_camera/hook/ld_library_path_lib.dsv'
[7.634s] [34mcolcon.colcon_core.shell[0m [1;30mINFO[0m Creating environment hook '/home/hdm/tracker_plus_ttttt/tracker_plus/install/hik_camera/share/hik_camera/hook/ld_library_path_lib.sh'
[7.634s] [34mcolcon.colcon_core.environment[0m [1;30mLevel 1[0m checking '/home/hdm/tracker_plus_ttttt/tracker_plus/install/hik_camera/bin'
[7.634s] [34mcolcon.colcon_core.environment[0m [1;30mLevel 1[0m checking '/home/hdm/tracker_plus_ttttt/tracker_plus/install/hik_camera/lib/pkgconfig/hik_camera.pc'
[7.634s] [34mcolcon.colcon_core.environment[0m [1;30mLevel 1[0m checking '/home/hdm/tracker_plus_ttttt/tracker_plus/install/hik_camera/lib/python3.10/site-packages'
[7.635s] [34mcolcon.colcon_core.environment[0m [1;30mLevel 1[0m checking '/home/hdm/tracker_plus_ttttt/tracker_plus/install/hik_camera/bin'
[7.635s] [34mcolcon.colcon_core.shell[0m [1;30mINFO[0m Creating package script '/home/hdm/tracker_plus_ttttt/tracker_plus/install/hik_camera/share/hik_camera/package.ps1'
[7.635s] [34mcolcon.colcon_core.shell[0m [1;30mINFO[0m Creating package descriptor '/home/hdm/tracker_plus_ttttt/tracker_plus/install/hik_camera/share/hik_camera/package.dsv'
[7.636s] [34mcolcon.colcon_core.shell[0m [1;30mINFO[0m Creating package script '/home/hdm/tracker_plus_ttttt/tracker_plus/install/hik_camera/share/hik_camera/package.sh'
[7.636s] [34mcolcon.colcon_core.shell[0m [1;30mINFO[0m Creating package script '/home/hdm/tracker_plus_ttttt/tracker_plus/install/hik_camera/share/hik_camera/package.bash'
[7.637s] [34mcolcon.colcon_core.shell[0m [1;30mINFO[0m Creating package script '/home/hdm/tracker_plus_ttttt/tracker_plus/install/hik_camera/share/hik_camera/package.zsh'
[7.637s] [34mcolcon.colcon_core.environment[0m [1;30mLevel 1[0m create_file_with_runtime_dependencies(/home/hdm/tracker_plus_ttttt/tracker_plus/install/hik_camera/share/colcon-core/packages/hik_camera)
[7.637s] [34mcolcon.colcon_core.environment[0m [1;30mLevel 1[0m create_environment_scripts_only(hik_camera)
[7.638s] [34mcolcon.colcon_core.environment[0m [1;30mLevel 1[0m checking '/home/hdm/tracker_plus_ttttt/tracker_plus/install/hik_camera' for CMake module files
[7.638s] [34mcolcon.colcon_core.environment[0m [1;30mLevel 1[0m checking '/home/hdm/tracker_plus_ttttt/tracker_plus/install/hik_camera' for CMake config files
[7.638s] [34mcolcon.colcon_core.shell[0m [1;30mLevel 1[0m create_environment_hook('hik_camera', 'cmake_prefix_path')
[7.639s] [34mcolcon.colcon_core.shell[0m [1;30mINFO[0m Creating environment hook '/home/hdm/tracker_plus_ttttt/tracker_plus/install/hik_camera/share/hik_camera/hook/cmake_prefix_path.ps1'
[7.639s] [34mcolcon.colcon_core.shell[0m [1;30mINFO[0m Creating environment descriptor '/home/hdm/tracker_plus_ttttt/tracker_plus/install/hik_camera/share/hik_camera/hook/cmake_prefix_path.dsv'
[7.639s] [34mcolcon.colcon_core.shell[0m [1;30mINFO[0m Creating environment hook '/home/hdm/tracker_plus_ttttt/tracker_plus/install/hik_camera/share/hik_camera/hook/cmake_prefix_path.sh'
[7.640s] [34mcolcon.colcon_core.environment[0m [1;30mLevel 1[0m checking '/home/hdm/tracker_plus_ttttt/tracker_plus/install/hik_camera/lib'
[7.640s] [34mcolcon.colcon_core.shell[0m [1;30mLevel 1[0m create_environment_hook('hik_camera', 'ld_library_path_lib')
[7.640s] [34mcolcon.colcon_core.shell[0m [1;30mINFO[0m Creating environment hook '/home/hdm/tracker_plus_ttttt/tracker_plus/install/hik_camera/share/hik_camera/hook/ld_library_path_lib.ps1'
[7.640s] [34mcolcon.colcon_core.shell[0m [1;30mINFO[0m Creating environment descriptor '/home/hdm/tracker_plus_ttttt/tracker_plus/install/hik_camera/share/hik_camera/hook/ld_library_path_lib.dsv'
[7.641s] [34mcolcon.colcon_core.shell[0m [1;30mINFO[0m Creating environment hook '/home/hdm/tracker_plus_ttttt/tracker_plus/install/hik_camera/share/hik_camera/hook/ld_library_path_lib.sh'
[7.641s] [34mcolcon.colcon_core.environment[0m [1;30mLevel 1[0m checking '/home/hdm/tracker_plus_ttttt/tracker_plus/install/hik_camera/bin'
[7.641s] [34mcolcon.colcon_core.environment[0m [1;30mLevel 1[0m checking '/home/hdm/tracker_plus_ttttt/tracker_plus/install/hik_camera/lib/pkgconfig/hik_camera.pc'
[7.641s] [34mcolcon.colcon_core.environment[0m [1;30mLevel 1[0m checking '/home/hdm/tracker_plus_ttttt/tracker_plus/install/hik_camera/lib/python3.10/site-packages'
[7.641s] [34mcolcon.colcon_core.environment[0m [1;30mLevel 1[0m checking '/home/hdm/tracker_plus_ttttt/tracker_plus/install/hik_camera/bin'
[7.642s] [34mcolcon.colcon_core.shell[0m [1;30mINFO[0m Creating package script '/home/hdm/tracker_plus_ttttt/tracker_plus/install/hik_camera/share/hik_camera/package.ps1'
[7.642s] [34mcolcon.colcon_core.shell[0m [1;30mINFO[0m Creating package descriptor '/home/hdm/tracker_plus_ttttt/tracker_plus/install/hik_camera/share/hik_camera/package.dsv'
[7.643s] [34mcolcon.colcon_core.shell[0m [1;30mINFO[0m Creating package script '/home/hdm/tracker_plus_ttttt/tracker_plus/install/hik_camera/share/hik_camera/package.sh'
[7.643s] [34mcolcon.colcon_core.shell[0m [1;30mINFO[0m Creating package script '/home/hdm/tracker_plus_ttttt/tracker_plus/install/hik_camera/share/hik_camera/package.bash'
[7.643s] [34mcolcon.colcon_core.shell[0m [1;30mINFO[0m Creating package script '/home/hdm/tracker_plus_ttttt/tracker_plus/install/hik_camera/share/hik_camera/package.zsh'
[7.644s] [34mcolcon.colcon_core.environment[0m [1;30mLevel 1[0m create_file_with_runtime_dependencies(/home/hdm/tracker_plus_ttttt/tracker_plus/install/hik_camera/share/colcon-core/packages/hik_camera)
[8.437s] [34mcolcon.colcon_core.event_handler.log_command[0m [1;30mDEBUG[0m [32mInvoked command in '/home/hdm/tracker_plus_ttttt/tracker_plus/build/buff_interfaces' returned '0': CMAKE_PREFIX_PATH=/opt/ros/humble /usr/bin/cmake --build /home/hdm/tracker_plus_ttttt/tracker_plus/build/buff_interfaces -- -j24 -l24[0m
[8.438s] [34mcolcon.colcon_core.event_handler.log_command[0m [1;30mDEBUG[0m [32mInvoking command in '/home/hdm/tracker_plus_ttttt/tracker_plus/build/buff_interfaces': CMAKE_PREFIX_PATH=/opt/ros/humble /usr/bin/cmake --install /home/hdm/tracker_plus_ttttt/tracker_plus/build/buff_interfaces[0m
[9.209s] [34mcolcon.colcon_core.event_handler.log_command[0m [1;30mDEBUG[0m [32mInvoked command in '/home/hdm/tracker_plus_ttttt/tracker_plus/build/auto_aim_interfaces' returned '0': CMAKE_PREFIX_PATH=/opt/ros/humble /usr/bin/cmake --build /home/hdm/tracker_plus_ttttt/tracker_plus/build/auto_aim_interfaces -- -j24 -l24[0m
[9.211s] [34mcolcon.colcon_core.event_handler.log_command[0m [1;30mDEBUG[0m [32mInvoking command in '/home/hdm/tracker_plus_ttttt/tracker_plus/build/auto_aim_interfaces': CMAKE_PREFIX_PATH=/opt/ros/humble /usr/bin/cmake --install /home/hdm/tracker_plus_ttttt/tracker_plus/build/auto_aim_interfaces[0m
[9.800s] [34mcolcon.colcon_core.environment[0m [1;30mLevel 1[0m create_environment_scripts_only(buff_interfaces)
[9.801s] [34mcolcon.colcon_core.environment[0m [1;30mLevel 1[0m checking '/home/hdm/tracker_plus_ttttt/tracker_plus/install/buff_interfaces' for CMake module files
[9.801s] [34mcolcon.colcon_core.event_handler.log_command[0m [1;30mDEBUG[0m [32mInvoked command in '/home/hdm/tracker_plus_ttttt/tracker_plus/build/buff_interfaces' returned '0': CMAKE_PREFIX_PATH=/opt/ros/humble /usr/bin/cmake --install /home/hdm/tracker_plus_ttttt/tracker_plus/build/buff_interfaces[0m
[9.802s] [34mcolcon.colcon_core.environment[0m [1;30mLevel 1[0m checking '/home/hdm/tracker_plus_ttttt/tracker_plus/install/buff_interfaces' for CMake config files
[9.803s] [34mcolcon.colcon_core.shell[0m [1;30mLevel 1[0m create_environment_hook('buff_interfaces', 'cmake_prefix_path')
[9.803s] [34mcolcon.colcon_core.shell[0m [1;30mINFO[0m Creating environment hook '/home/hdm/tracker_plus_ttttt/tracker_plus/install/buff_interfaces/share/buff_interfaces/hook/cmake_prefix_path.ps1'
[9.803s] [34mcolcon.colcon_core.shell[0m [1;30mINFO[0m Creating environment descriptor '/home/hdm/tracker_plus_ttttt/tracker_plus/install/buff_interfaces/share/buff_interfaces/hook/cmake_prefix_path.dsv'
[9.803s] [34mcolcon.colcon_core.shell[0m [1;30mINFO[0m Creating environment hook '/home/hdm/tracker_plus_ttttt/tracker_plus/install/buff_interfaces/share/buff_interfaces/hook/cmake_prefix_path.sh'
[9.804s] [34mcolcon.colcon_core.environment[0m [1;30mLevel 1[0m checking '/home/hdm/tracker_plus_ttttt/tracker_plus/install/buff_interfaces/lib'
[9.804s] [34mcolcon.colcon_core.shell[0m [1;30mLevel 1[0m create_environment_hook('buff_interfaces', 'ld_library_path_lib')
[9.804s] [34mcolcon.colcon_core.shell[0m [1;30mINFO[0m Creating environment hook '/home/hdm/tracker_plus_ttttt/tracker_plus/install/buff_interfaces/share/buff_interfaces/hook/ld_library_path_lib.ps1'
[9.804s] [34mcolcon.colcon_core.shell[0m [1;30mINFO[0m Creating environment descriptor '/home/hdm/tracker_plus_ttttt/tracker_plus/install/buff_interfaces/share/buff_interfaces/hook/ld_library_path_lib.dsv'
[9.804s] [34mcolcon.colcon_core.shell[0m [1;30mINFO[0m Creating environment hook '/home/hdm/tracker_plus_ttttt/tracker_plus/install/buff_interfaces/share/buff_interfaces/hook/ld_library_path_lib.sh'
[9.805s] [34mcolcon.colcon_core.environment[0m [1;30mLevel 1[0m checking '/home/hdm/tracker_plus_ttttt/tracker_plus/install/buff_interfaces/bin'
[9.805s] [34mcolcon.colcon_core.environment[0m [1;30mLevel 1[0m checking '/home/hdm/tracker_plus_ttttt/tracker_plus/install/buff_interfaces/lib/pkgconfig/buff_interfaces.pc'
[9.805s] [34mcolcon.colcon_core.environment[0m [1;30mLevel 1[0m checking '/home/hdm/tracker_plus_ttttt/tracker_plus/install/buff_interfaces/lib/python3.10/site-packages'
[9.805s] [34mcolcon.colcon_core.environment[0m [1;30mLevel 1[0m checking '/home/hdm/tracker_plus_ttttt/tracker_plus/install/buff_interfaces/bin'
[9.805s] [34mcolcon.colcon_core.shell[0m [1;30mINFO[0m Creating package script '/home/hdm/tracker_plus_ttttt/tracker_plus/install/buff_interfaces/share/buff_interfaces/package.ps1'
[9.806s] [34mcolcon.colcon_core.shell[0m [1;30mINFO[0m Creating package descriptor '/home/hdm/tracker_plus_ttttt/tracker_plus/install/buff_interfaces/share/buff_interfaces/package.dsv'
[9.806s] [34mcolcon.colcon_core.shell[0m [1;30mINFO[0m Creating package script '/home/hdm/tracker_plus_ttttt/tracker_plus/install/buff_interfaces/share/buff_interfaces/package.sh'
[9.807s] [34mcolcon.colcon_core.shell[0m [1;30mINFO[0m Creating package script '/home/hdm/tracker_plus_ttttt/tracker_plus/install/buff_interfaces/share/buff_interfaces/package.bash'
[9.807s] [34mcolcon.colcon_core.shell[0m [1;30mINFO[0m Creating package script '/home/hdm/tracker_plus_ttttt/tracker_plus/install/buff_interfaces/share/buff_interfaces/package.zsh'
[9.807s] [34mcolcon.colcon_core.environment[0m [1;30mLevel 1[0m create_file_with_runtime_dependencies(/home/hdm/tracker_plus_ttttt/tracker_plus/install/buff_interfaces/share/colcon-core/packages/buff_interfaces)
[9.808s] [34mcolcon.colcon_core.environment[0m [1;30mLevel 1[0m create_environment_scripts_only(buff_interfaces)
[9.808s] [34mcolcon.colcon_core.environment[0m [1;30mLevel 1[0m checking '/home/hdm/tracker_plus_ttttt/tracker_plus/install/buff_interfaces' for CMake module files
[9.808s] [34mcolcon.colcon_core.environment[0m [1;30mLevel 1[0m checking '/home/hdm/tracker_plus_ttttt/tracker_plus/install/buff_interfaces' for CMake config files
[9.809s] [34mcolcon.colcon_core.shell[0m [1;30mLevel 1[0m create_environment_hook('buff_interfaces', 'cmake_prefix_path')
[9.809s] [34mcolcon.colcon_core.shell[0m [1;30mINFO[0m Creating environment hook '/home/hdm/tracker_plus_ttttt/tracker_plus/install/buff_interfaces/share/buff_interfaces/hook/cmake_prefix_path.ps1'
[9.809s] [34mcolcon.colcon_core.shell[0m [1;30mINFO[0m Creating environment descriptor '/home/hdm/tracker_plus_ttttt/tracker_plus/install/buff_interfaces/share/buff_interfaces/hook/cmake_prefix_path.dsv'
[9.810s] [34mcolcon.colcon_core.shell[0m [1;30mINFO[0m Creating environment hook '/home/hdm/tracker_plus_ttttt/tracker_plus/install/buff_interfaces/share/buff_interfaces/hook/cmake_prefix_path.sh'
[9.810s] [34mcolcon.colcon_core.environment[0m [1;30mLevel 1[0m checking '/home/hdm/tracker_plus_ttttt/tracker_plus/install/buff_interfaces/lib'
[9.810s] [34mcolcon.colcon_core.shell[0m [1;30mLevel 1[0m create_environment_hook('buff_interfaces', 'ld_library_path_lib')
[9.810s] [34mcolcon.colcon_core.shell[0m [1;30mINFO[0m Creating environment hook '/home/hdm/tracker_plus_ttttt/tracker_plus/install/buff_interfaces/share/buff_interfaces/hook/ld_library_path_lib.ps1'
[9.810s] [34mcolcon.colcon_core.shell[0m [1;30mINFO[0m Creating environment descriptor '/home/hdm/tracker_plus_ttttt/tracker_plus/install/buff_interfaces/share/buff_interfaces/hook/ld_library_path_lib.dsv'
[9.811s] [34mcolcon.colcon_core.shell[0m [1;30mINFO[0m Creating environment hook '/home/hdm/tracker_plus_ttttt/tracker_plus/install/buff_interfaces/share/buff_interfaces/hook/ld_library_path_lib.sh'
[9.811s] [34mcolcon.colcon_core.environment[0m [1;30mLevel 1[0m checking '/home/hdm/tracker_plus_ttttt/tracker_plus/install/buff_interfaces/bin'
[9.811s] [34mcolcon.colcon_core.environment[0m [1;30mLevel 1[0m checking '/home/hdm/tracker_plus_ttttt/tracker_plus/install/buff_interfaces/lib/pkgconfig/buff_interfaces.pc'
[9.811s] [34mcolcon.colcon_core.environment[0m [1;30mLevel 1[0m checking '/home/hdm/tracker_plus_ttttt/tracker_plus/install/buff_interfaces/lib/python3.10/site-packages'
[9.811s] [34mcolcon.colcon_core.environment[0m [1;30mLevel 1[0m checking '/home/hdm/tracker_plus_ttttt/tracker_plus/install/buff_interfaces/bin'
[9.812s] [34mcolcon.colcon_core.shell[0m [1;30mINFO[0m Creating package script '/home/hdm/tracker_plus_ttttt/tracker_plus/install/buff_interfaces/share/buff_interfaces/package.ps1'
[9.812s] [34mcolcon.colcon_core.shell[0m [1;30mINFO[0m Creating package descriptor '/home/hdm/tracker_plus_ttttt/tracker_plus/install/buff_interfaces/share/buff_interfaces/package.dsv'
[9.812s] [34mcolcon.colcon_core.shell[0m [1;30mINFO[0m Creating package script '/home/hdm/tracker_plus_ttttt/tracker_plus/install/buff_interfaces/share/buff_interfaces/package.sh'
[9.812s] [34mcolcon.colcon_core.shell[0m [1;30mINFO[0m Creating package script '/home/hdm/tracker_plus_ttttt/tracker_plus/install/buff_interfaces/share/buff_interfaces/package.bash'
[9.813s] [34mcolcon.colcon_core.shell[0m [1;30mINFO[0m Creating package script '/home/hdm/tracker_plus_ttttt/tracker_plus/install/buff_interfaces/share/buff_interfaces/package.zsh'
[9.813s] [34mcolcon.colcon_core.environment[0m [1;30mLevel 1[0m create_file_with_runtime_dependencies(/home/hdm/tracker_plus_ttttt/tracker_plus/install/buff_interfaces/share/colcon-core/packages/buff_interfaces)
[9.813s] [34mcolcon.colcon_ros.task.ament_cmake.build[0m [1;30mINFO[0m Building ROS package in '/home/hdm/tracker_plus_ttttt/tracker_plus/src/rm_buff/buff_executor' with build type 'ament_cmake'
[9.813s] [34mcolcon.colcon_cmake.task.cmake.build[0m [1;30mINFO[0m Building CMake package in '/home/hdm/tracker_plus_ttttt/tracker_plus/src/rm_buff/buff_executor'
[9.814s] [34mcolcon.colcon_core.shell[0m [1;30mINFO[0m Skip shell extension 'powershell' for command environment: Not usable outside of PowerShell
[9.814s] [34mcolcon.colcon_core.shell[0m [1;30mDEBUG[0m [32mSkip shell extension 'dsv' for command environment[0m
[9.816s] [34mcolcon.colcon_ros.task.ament_cmake.build[0m [1;30mINFO[0m Building ROS package in '/home/hdm/tracker_plus_ttttt/tracker_plus/src/rm_buff/buff_detector' with build type 'ament_cmake'
[9.816s] [34mcolcon.colcon_cmake.task.cmake.build[0m [1;30mINFO[0m Building CMake package in '/home/hdm/tracker_plus_ttttt/tracker_plus/src/rm_buff/buff_detector'
[9.816s] [34mcolcon.colcon_core.shell[0m [1;30mINFO[0m Skip shell extension 'powershell' for command environment: Not usable outside of PowerShell
[9.816s] [34mcolcon.colcon_core.shell[0m [1;30mDEBUG[0m [32mSkip shell extension 'dsv' for command environment[0m
[9.823s] [34mcolcon.colcon_core.event_handler.log_command[0m [1;30mDEBUG[0m [32mInvoking command in '/home/hdm/tracker_plus_ttttt/tracker_plus/build/buff_executor': AMENT_PREFIX_PATH=/home/hdm/tracker_plus_ttttt/tracker_plus/install/buff_interfaces:${AMENT_PREFIX_PATH} CMAKE_PREFIX_PATH=/home/hdm/tracker_plus_ttttt/tracker_plus/install/buff_interfaces:/opt/ros/humble LD_LIBRARY_PATH=/home/hdm/tracker_plus_ttttt/tracker_plus/install/buff_interfaces/lib:${LD_LIBRARY_PATH} PYTHONPATH=/home/hdm/tracker_plus_ttttt/tracker_plus/install/buff_interfaces/local/lib/python3.10/dist-packages:${PYTHONPATH} /usr/bin/cmake /home/hdm/tracker_plus_ttttt/tracker_plus/src/rm_buff/buff_executor -DAMENT_CMAKE_SYMLINK_INSTALL=1 -DCMAKE_INSTALL_PREFIX=/home/hdm/tracker_plus_ttttt/tracker_plus/install/buff_executor[0m
[9.826s] [34mcolcon.colcon_core.event_handler.log_command[0m [1;30mDEBUG[0m [32mInvoking command in '/home/hdm/tracker_plus_ttttt/tracker_plus/build/buff_detector': AMENT_PREFIX_PATH=/home/hdm/tracker_plus_ttttt/tracker_plus/install/buff_interfaces:${AMENT_PREFIX_PATH} CMAKE_PREFIX_PATH=/home/hdm/tracker_plus_ttttt/tracker_plus/install/buff_interfaces:/opt/ros/humble LD_LIBRARY_PATH=/home/hdm/tracker_plus_ttttt/tracker_plus/install/buff_interfaces/lib:${LD_LIBRARY_PATH} PYTHONPATH=/home/hdm/tracker_plus_ttttt/tracker_plus/install/buff_interfaces/local/lib/python3.10/dist-packages:${PYTHONPATH} /usr/bin/cmake /home/hdm/tracker_plus_ttttt/tracker_plus/src/rm_buff/buff_detector -DAMENT_CMAKE_SYMLINK_INSTALL=1 -DCMAKE_INSTALL_PREFIX=/home/hdm/tracker_plus_ttttt/tracker_plus/install/buff_detector[0m
[10.945s] [34mcolcon.colcon_core.event_handler.log_command[0m [1;30mDEBUG[0m [32mInvoked command in '/home/hdm/tracker_plus_ttttt/tracker_plus/build/buff_detector' returned '0': AMENT_PREFIX_PATH=/home/hdm/tracker_plus_ttttt/tracker_plus/install/buff_interfaces:${AMENT_PREFIX_PATH} CMAKE_PREFIX_PATH=/home/hdm/tracker_plus_ttttt/tracker_plus/install/buff_interfaces:/opt/ros/humble LD_LIBRARY_PATH=/home/hdm/tracker_plus_ttttt/tracker_plus/install/buff_interfaces/lib:${LD_LIBRARY_PATH} PYTHONPATH=/home/hdm/tracker_plus_ttttt/tracker_plus/install/buff_interfaces/local/lib/python3.10/dist-packages:${PYTHONPATH} /usr/bin/cmake /home/hdm/tracker_plus_ttttt/tracker_plus/src/rm_buff/buff_detector -DAMENT_CMAKE_SYMLINK_INSTALL=1 -DCMAKE_INSTALL_PREFIX=/home/hdm/tracker_plus_ttttt/tracker_plus/install/buff_detector[0m
[10.947s] [34mcolcon.colcon_core.event_handler.log_command[0m [1;30mDEBUG[0m [32mInvoking command in '/home/hdm/tracker_plus_ttttt/tracker_plus/build/buff_detector': AMENT_PREFIX_PATH=/home/hdm/tracker_plus_ttttt/tracker_plus/install/buff_interfaces:${AMENT_PREFIX_PATH} CMAKE_PREFIX_PATH=/home/hdm/tracker_plus_ttttt/tracker_plus/install/buff_interfaces:/opt/ros/humble LD_LIBRARY_PATH=/home/hdm/tracker_plus_ttttt/tracker_plus/install/buff_interfaces/lib:${LD_LIBRARY_PATH} PYTHONPATH=/home/hdm/tracker_plus_ttttt/tracker_plus/install/buff_interfaces/local/lib/python3.10/dist-packages:${PYTHONPATH} /usr/bin/cmake --build /home/hdm/tracker_plus_ttttt/tracker_plus/build/buff_detector -- -j24 -l24[0m
[10.967s] [34mcolcon.colcon_core.event_handler.log_command[0m [1;30mDEBUG[0m [32mInvoked command in '/home/hdm/tracker_plus_ttttt/tracker_plus/build/buff_executor' returned '0': AMENT_PREFIX_PATH=/home/hdm/tracker_plus_ttttt/tracker_plus/install/buff_interfaces:${AMENT_PREFIX_PATH} CMAKE_PREFIX_PATH=/home/hdm/tracker_plus_ttttt/tracker_plus/install/buff_interfaces:/opt/ros/humble LD_LIBRARY_PATH=/home/hdm/tracker_plus_ttttt/tracker_plus/install/buff_interfaces/lib:${LD_LIBRARY_PATH} PYTHONPATH=/home/hdm/tracker_plus_ttttt/tracker_plus/install/buff_interfaces/local/lib/python3.10/dist-packages:${PYTHONPATH} /usr/bin/cmake /home/hdm/tracker_plus_ttttt/tracker_plus/src/rm_buff/buff_executor -DAMENT_CMAKE_SYMLINK_INSTALL=1 -DCMAKE_INSTALL_PREFIX=/home/hdm/tracker_plus_ttttt/tracker_plus/install/buff_executor[0m
[10.968s] [34mcolcon.colcon_core.event_handler.log_command[0m [1;30mDEBUG[0m [32mInvoking command in '/home/hdm/tracker_plus_ttttt/tracker_plus/build/buff_executor': AMENT_PREFIX_PATH=/home/hdm/tracker_plus_ttttt/tracker_plus/install/buff_interfaces:${AMENT_PREFIX_PATH} CMAKE_PREFIX_PATH=/home/hdm/tracker_plus_ttttt/tracker_plus/install/buff_interfaces:/opt/ros/humble LD_LIBRARY_PATH=/home/hdm/tracker_plus_ttttt/tracker_plus/install/buff_interfaces/lib:${LD_LIBRARY_PATH} PYTHONPATH=/home/hdm/tracker_plus_ttttt/tracker_plus/install/buff_interfaces/local/lib/python3.10/dist-packages:${PYTHONPATH} /usr/bin/cmake --build /home/hdm/tracker_plus_ttttt/tracker_plus/build/buff_executor -- -j24 -l24[0m
[11.326s] [34mcolcon.colcon_core.environment[0m [1;30mLevel 1[0m create_environment_scripts_only(auto_aim_interfaces)
[11.327s] [34mcolcon.colcon_core.environment[0m [1;30mLevel 1[0m checking '/home/hdm/tracker_plus_ttttt/tracker_plus/install/auto_aim_interfaces' for CMake module files
[11.327s] [34mcolcon.colcon_core.event_handler.log_command[0m [1;30mDEBUG[0m [32mInvoked command in '/home/hdm/tracker_plus_ttttt/tracker_plus/build/auto_aim_interfaces' returned '0': CMAKE_PREFIX_PATH=/opt/ros/humble /usr/bin/cmake --install /home/hdm/tracker_plus_ttttt/tracker_plus/build/auto_aim_interfaces[0m
[11.328s] [34mcolcon.colcon_core.environment[0m [1;30mLevel 1[0m checking '/home/hdm/tracker_plus_ttttt/tracker_plus/install/auto_aim_interfaces' for CMake config files
[11.331s] [34mcolcon.colcon_core.shell[0m [1;30mLevel 1[0m create_environment_hook('auto_aim_interfaces', 'cmake_prefix_path')
[11.331s] [34mcolcon.colcon_core.shell[0m [1;30mINFO[0m Creating environment hook '/home/hdm/tracker_plus_ttttt/tracker_plus/install/auto_aim_interfaces/share/auto_aim_interfaces/hook/cmake_prefix_path.ps1'
[11.332s] [34mcolcon.colcon_core.shell[0m [1;30mINFO[0m Creating environment descriptor '/home/hdm/tracker_plus_ttttt/tracker_plus/install/auto_aim_interfaces/share/auto_aim_interfaces/hook/cmake_prefix_path.dsv'
[11.332s] [34mcolcon.colcon_core.shell[0m [1;30mINFO[0m Creating environment hook '/home/hdm/tracker_plus_ttttt/tracker_plus/install/auto_aim_interfaces/share/auto_aim_interfaces/hook/cmake_prefix_path.sh'
[11.333s] [34mcolcon.colcon_core.environment[0m [1;30mLevel 1[0m checking '/home/hdm/tracker_plus_ttttt/tracker_plus/install/auto_aim_interfaces/lib'
[11.333s] [34mcolcon.colcon_core.shell[0m [1;30mLevel 1[0m create_environment_hook('auto_aim_interfaces', 'ld_library_path_lib')
[11.333s] [34mcolcon.colcon_core.shell[0m [1;30mINFO[0m Creating environment hook '/home/hdm/tracker_plus_ttttt/tracker_plus/install/auto_aim_interfaces/share/auto_aim_interfaces/hook/ld_library_path_lib.ps1'
[11.334s] [34mcolcon.colcon_core.shell[0m [1;30mINFO[0m Creating environment descriptor '/home/hdm/tracker_plus_ttttt/tracker_plus/install/auto_aim_interfaces/share/auto_aim_interfaces/hook/ld_library_path_lib.dsv'
[11.334s] [34mcolcon.colcon_core.shell[0m [1;30mINFO[0m Creating environment hook '/home/hdm/tracker_plus_ttttt/tracker_plus/install/auto_aim_interfaces/share/auto_aim_interfaces/hook/ld_library_path_lib.sh'
[11.334s] [34mcolcon.colcon_core.environment[0m [1;30mLevel 1[0m checking '/home/hdm/tracker_plus_ttttt/tracker_plus/install/auto_aim_interfaces/bin'
[11.334s] [34mcolcon.colcon_core.environment[0m [1;30mLevel 1[0m checking '/home/hdm/tracker_plus_ttttt/tracker_plus/install/auto_aim_interfaces/lib/pkgconfig/auto_aim_interfaces.pc'
[11.335s] [34mcolcon.colcon_core.environment[0m [1;30mLevel 1[0m checking '/home/hdm/tracker_plus_ttttt/tracker_plus/install/auto_aim_interfaces/lib/python3.10/site-packages'
[11.335s] [34mcolcon.colcon_core.environment[0m [1;30mLevel 1[0m checking '/home/hdm/tracker_plus_ttttt/tracker_plus/install/auto_aim_interfaces/bin'
[11.335s] [34mcolcon.colcon_core.shell[0m [1;30mINFO[0m Creating package script '/home/hdm/tracker_plus_ttttt/tracker_plus/install/auto_aim_interfaces/share/auto_aim_interfaces/package.ps1'
[11.335s] [34mcolcon.colcon_core.shell[0m [1;30mINFO[0m Creating package descriptor '/home/hdm/tracker_plus_ttttt/tracker_plus/install/auto_aim_interfaces/share/auto_aim_interfaces/package.dsv'
[11.336s] [34mcolcon.colcon_core.shell[0m [1;30mINFO[0m Creating package script '/home/hdm/tracker_plus_ttttt/tracker_plus/install/auto_aim_interfaces/share/auto_aim_interfaces/package.sh'
[11.336s] [34mcolcon.colcon_core.shell[0m [1;30mINFO[0m Creating package script '/home/hdm/tracker_plus_ttttt/tracker_plus/install/auto_aim_interfaces/share/auto_aim_interfaces/package.bash'
[11.336s] [34mcolcon.colcon_core.shell[0m [1;30mINFO[0m Creating package script '/home/hdm/tracker_plus_ttttt/tracker_plus/install/auto_aim_interfaces/share/auto_aim_interfaces/package.zsh'
[11.337s] [34mcolcon.colcon_core.environment[0m [1;30mLevel 1[0m create_file_with_runtime_dependencies(/home/hdm/tracker_plus_ttttt/tracker_plus/install/auto_aim_interfaces/share/colcon-core/packages/auto_aim_interfaces)
[11.337s] [34mcolcon.colcon_core.environment[0m [1;30mLevel 1[0m create_environment_scripts_only(auto_aim_interfaces)
[11.337s] [34mcolcon.colcon_core.environment[0m [1;30mLevel 1[0m checking '/home/hdm/tracker_plus_ttttt/tracker_plus/install/auto_aim_interfaces' for CMake module files
[11.338s] [34mcolcon.colcon_core.environment[0m [1;30mLevel 1[0m checking '/home/hdm/tracker_plus_ttttt/tracker_plus/install/auto_aim_interfaces' for CMake config files
[11.339s] [34mcolcon.colcon_core.shell[0m [1;30mLevel 1[0m create_environment_hook('auto_aim_interfaces', 'cmake_prefix_path')
[11.339s] [34mcolcon.colcon_core.shell[0m [1;30mINFO[0m Creating environment hook '/home/hdm/tracker_plus_ttttt/tracker_plus/install/auto_aim_interfaces/share/auto_aim_interfaces/hook/cmake_prefix_path.ps1'
[11.340s] [34mcolcon.colcon_core.shell[0m [1;30mINFO[0m Creating environment descriptor '/home/hdm/tracker_plus_ttttt/tracker_plus/install/auto_aim_interfaces/share/auto_aim_interfaces/hook/cmake_prefix_path.dsv'
[11.340s] [34mcolcon.colcon_core.shell[0m [1;30mINFO[0m Creating environment hook '/home/hdm/tracker_plus_ttttt/tracker_plus/install/auto_aim_interfaces/share/auto_aim_interfaces/hook/cmake_prefix_path.sh'
[11.340s] [34mcolcon.colcon_core.environment[0m [1;30mLevel 1[0m checking '/home/hdm/tracker_plus_ttttt/tracker_plus/install/auto_aim_interfaces/lib'
[11.341s] [34mcolcon.colcon_core.shell[0m [1;30mLevel 1[0m create_environment_hook('auto_aim_interfaces', 'ld_library_path_lib')
[11.341s] [34mcolcon.colcon_core.shell[0m [1;30mINFO[0m Creating environment hook '/home/hdm/tracker_plus_ttttt/tracker_plus/install/auto_aim_interfaces/share/auto_aim_interfaces/hook/ld_library_path_lib.ps1'
[11.341s] [34mcolcon.colcon_core.shell[0m [1;30mINFO[0m Creating environment descriptor '/home/hdm/tracker_plus_ttttt/tracker_plus/install/auto_aim_interfaces/share/auto_aim_interfaces/hook/ld_library_path_lib.dsv'
[11.341s] [34mcolcon.colcon_core.shell[0m [1;30mINFO[0m Creating environment hook '/home/hdm/tracker_plus_ttttt/tracker_plus/install/auto_aim_interfaces/share/auto_aim_interfaces/hook/ld_library_path_lib.sh'
[11.342s] [34mcolcon.colcon_core.environment[0m [1;30mLevel 1[0m checking '/home/hdm/tracker_plus_ttttt/tracker_plus/install/auto_aim_interfaces/bin'
[11.342s] [34mcolcon.colcon_core.environment[0m [1;30mLevel 1[0m checking '/home/hdm/tracker_plus_ttttt/tracker_plus/install/auto_aim_interfaces/lib/pkgconfig/auto_aim_interfaces.pc'
[11.342s] [34mcolcon.colcon_core.environment[0m [1;30mLevel 1[0m checking '/home/hdm/tracker_plus_ttttt/tracker_plus/install/auto_aim_interfaces/lib/python3.10/site-packages'
[11.342s] [34mcolcon.colcon_core.environment[0m [1;30mLevel 1[0m checking '/home/hdm/tracker_plus_ttttt/tracker_plus/install/auto_aim_interfaces/bin'
[11.342s] [34mcolcon.colcon_core.shell[0m [1;30mINFO[0m Creating package script '/home/hdm/tracker_plus_ttttt/tracker_plus/install/auto_aim_interfaces/share/auto_aim_interfaces/package.ps1'
[11.343s] [34mcolcon.colcon_core.shell[0m [1;30mINFO[0m Creating package descriptor '/home/hdm/tracker_plus_ttttt/tracker_plus/install/auto_aim_interfaces/share/auto_aim_interfaces/package.dsv'
[11.343s] [34mcolcon.colcon_core.shell[0m [1;30mINFO[0m Creating package script '/home/hdm/tracker_plus_ttttt/tracker_plus/install/auto_aim_interfaces/share/auto_aim_interfaces/package.sh'
[11.343s] [34mcolcon.colcon_core.shell[0m [1;30mINFO[0m Creating package script '/home/hdm/tracker_plus_ttttt/tracker_plus/install/auto_aim_interfaces/share/auto_aim_interfaces/package.bash'
[11.344s] [34mcolcon.colcon_core.shell[0m [1;30mINFO[0m Creating package script '/home/hdm/tracker_plus_ttttt/tracker_plus/install/auto_aim_interfaces/share/auto_aim_interfaces/package.zsh'
[11.344s] [34mcolcon.colcon_core.environment[0m [1;30mLevel 1[0m create_file_with_runtime_dependencies(/home/hdm/tracker_plus_ttttt/tracker_plus/install/auto_aim_interfaces/share/colcon-core/packages/auto_aim_interfaces)
[11.344s] [34mcolcon.colcon_ros.task.ament_cmake.build[0m [1;30mINFO[0m Building ROS package in '/home/hdm/tracker_plus_ttttt/tracker_plus/src/rm_auto_aim/armor_executor' with build type 'ament_cmake'
[11.344s] [34mcolcon.colcon_cmake.task.cmake.build[0m [1;30mINFO[0m Building CMake package in '/home/hdm/tracker_plus_ttttt/tracker_plus/src/rm_auto_aim/armor_executor'
[11.345s] [34mcolcon.colcon_core.shell[0m [1;30mINFO[0m Skip shell extension 'powershell' for command environment: Not usable outside of PowerShell
[11.345s] [34mcolcon.colcon_core.shell[0m [1;30mDEBUG[0m [32mSkip shell extension 'dsv' for command environment[0m
[11.348s] [34mcolcon.colcon_ros.task.ament_cmake.build[0m [1;30mINFO[0m Building ROS package in '/home/hdm/tracker_plus_ttttt/tracker_plus/src/rm_auto_aim/armor_detector' with build type 'ament_cmake'
[11.348s] [34mcolcon.colcon_cmake.task.cmake.build[0m [1;30mINFO[0m Building CMake package in '/home/hdm/tracker_plus_ttttt/tracker_plus/src/rm_auto_aim/armor_detector'
[11.349s] [34mcolcon.colcon_core.shell[0m [1;30mINFO[0m Skip shell extension 'powershell' for command environment: Not usable outside of PowerShell
[11.349s] [34mcolcon.colcon_core.shell[0m [1;30mDEBUG[0m [32mSkip shell extension 'dsv' for command environment[0m
[11.351s] [34mcolcon.colcon_ros.task.ament_cmake.build[0m [1;30mINFO[0m Building ROS package in '/home/hdm/tracker_plus_ttttt/tracker_plus/src/rm_serial_driver' with build type 'ament_cmake'
[11.352s] [34mcolcon.colcon_cmake.task.cmake.build[0m [1;30mINFO[0m Building CMake package in '/home/hdm/tracker_plus_ttttt/tracker_plus/src/rm_serial_driver'
[11.352s] [34mcolcon.colcon_core.shell[0m [1;30mINFO[0m Skip shell extension 'powershell' for command environment: Not usable outside of PowerShell
[11.352s] [34mcolcon.colcon_core.shell[0m [1;30mDEBUG[0m [32mSkip shell extension 'dsv' for command environment[0m
[11.360s] [34mcolcon.colcon_core.event_handler.log_command[0m [1;30mDEBUG[0m [32mInvoking command in '/home/hdm/tracker_plus_ttttt/tracker_plus/build/armor_executor': AMENT_PREFIX_PATH=/home/hdm/tracker_plus_ttttt/tracker_plus/install/auto_aim_interfaces:${AMENT_PREFIX_PATH} CMAKE_PREFIX_PATH=/home/hdm/tracker_plus_ttttt/tracker_plus/install/auto_aim_interfaces:/opt/ros/humble LD_LIBRARY_PATH=/home/hdm/tracker_plus_ttttt/tracker_plus/install/auto_aim_interfaces/lib:${LD_LIBRARY_PATH} PYTHONPATH=/home/hdm/tracker_plus_ttttt/tracker_plus/install/auto_aim_interfaces/local/lib/python3.10/dist-packages:${PYTHONPATH} /usr/bin/cmake /home/hdm/tracker_plus_ttttt/tracker_plus/src/rm_auto_aim/armor_executor -DAMENT_CMAKE_SYMLINK_INSTALL=1 -DCMAKE_INSTALL_PREFIX=/home/hdm/tracker_plus_ttttt/tracker_plus/install/armor_executor[0m
[11.363s] [34mcolcon.colcon_core.event_handler.log_command[0m [1;30mDEBUG[0m [32mInvoking command in '/home/hdm/tracker_plus_ttttt/tracker_plus/build/armor_detector': AMENT_PREFIX_PATH=/home/hdm/tracker_plus_ttttt/tracker_plus/install/auto_aim_interfaces:${AMENT_PREFIX_PATH} CMAKE_PREFIX_PATH=/home/hdm/tracker_plus_ttttt/tracker_plus/install/auto_aim_interfaces:/opt/ros/humble LD_LIBRARY_PATH=/home/hdm/tracker_plus_ttttt/tracker_plus/install/auto_aim_interfaces/lib:${LD_LIBRARY_PATH} PYTHONPATH=/home/hdm/tracker_plus_ttttt/tracker_plus/install/auto_aim_interfaces/local/lib/python3.10/dist-packages:${PYTHONPATH} /usr/bin/cmake /home/hdm/tracker_plus_ttttt/tracker_plus/src/rm_auto_aim/armor_detector -DAMENT_CMAKE_SYMLINK_INSTALL=1 -DCMAKE_INSTALL_PREFIX=/home/hdm/tracker_plus_ttttt/tracker_plus/install/armor_detector[0m
[11.367s] [34mcolcon.colcon_core.event_handler.log_command[0m [1;30mDEBUG[0m [32mInvoking command in '/home/hdm/tracker_plus_ttttt/tracker_plus/build/rm_serial_driver': AMENT_PREFIX_PATH=/home/hdm/tracker_plus_ttttt/tracker_plus/install/buff_interfaces:/home/hdm/tracker_plus_ttttt/tracker_plus/install/auto_aim_interfaces:${AMENT_PREFIX_PATH} CMAKE_PREFIX_PATH=/home/hdm/tracker_plus_ttttt/tracker_plus/install/buff_interfaces:/home/hdm/tracker_plus_ttttt/tracker_plus/install/auto_aim_interfaces:/opt/ros/humble LD_LIBRARY_PATH=/home/hdm/tracker_plus_ttttt/tracker_plus/install/buff_interfaces/lib:/home/hdm/tracker_plus_ttttt/tracker_plus/install/auto_aim_interfaces/lib:${LD_LIBRARY_PATH} PYTHONPATH=/home/hdm/tracker_plus_ttttt/tracker_plus/install/buff_interfaces/local/lib/python3.10/dist-packages:/home/hdm/tracker_plus_ttttt/tracker_plus/install/auto_aim_interfaces/local/lib/python3.10/dist-packages:${PYTHONPATH} /usr/bin/cmake /home/hdm/tracker_plus_ttttt/tracker_plus/src/rm_serial_driver -DAMENT_CMAKE_SYMLINK_INSTALL=1 -DCMAKE_INSTALL_PREFIX=/home/hdm/tracker_plus_ttttt/tracker_plus/install/rm_serial_driver[0m
[12.835s] [34mcolcon.colcon_core.event_handler.log_command[0m [1;30mDEBUG[0m [32mInvoked command in '/home/hdm/tracker_plus_ttttt/tracker_plus/build/armor_executor' returned '0': AMENT_PREFIX_PATH=/home/hdm/tracker_plus_ttttt/tracker_plus/install/auto_aim_interfaces:${AMENT_PREFIX_PATH} CMAKE_PREFIX_PATH=/home/hdm/tracker_plus_ttttt/tracker_plus/install/auto_aim_interfaces:/opt/ros/humble LD_LIBRARY_PATH=/home/hdm/tracker_plus_ttttt/tracker_plus/install/auto_aim_interfaces/lib:${LD_LIBRARY_PATH} PYTHONPATH=/home/hdm/tracker_plus_ttttt/tracker_plus/install/auto_aim_interfaces/local/lib/python3.10/dist-packages:${PYTHONPATH} /usr/bin/cmake /home/hdm/tracker_plus_ttttt/tracker_plus/src/rm_auto_aim/armor_executor -DAMENT_CMAKE_SYMLINK_INSTALL=1 -DCMAKE_INSTALL_PREFIX=/home/hdm/tracker_plus_ttttt/tracker_plus/install/armor_executor[0m
[12.836s] [34mcolcon.colcon_core.event_handler.log_command[0m [1;30mDEBUG[0m [32mInvoking command in '/home/hdm/tracker_plus_ttttt/tracker_plus/build/armor_executor': AMENT_PREFIX_PATH=/home/hdm/tracker_plus_ttttt/tracker_plus/install/auto_aim_interfaces:${AMENT_PREFIX_PATH} CMAKE_PREFIX_PATH=/home/hdm/tracker_plus_ttttt/tracker_plus/install/auto_aim_interfaces:/opt/ros/humble LD_LIBRARY_PATH=/home/hdm/tracker_plus_ttttt/tracker_plus/install/auto_aim_interfaces/lib:${LD_LIBRARY_PATH} PYTHONPATH=/home/hdm/tracker_plus_ttttt/tracker_plus/install/auto_aim_interfaces/local/lib/python3.10/dist-packages:${PYTHONPATH} /usr/bin/cmake --build /home/hdm/tracker_plus_ttttt/tracker_plus/build/armor_executor -- -j24 -l24[0m
[12.884s] [34mcolcon.colcon_core.event_handler.log_command[0m [1;30mDEBUG[0m [32mInvoked command in '/home/hdm/tracker_plus_ttttt/tracker_plus/build/armor_detector' returned '0': AMENT_PREFIX_PATH=/home/hdm/tracker_plus_ttttt/tracker_plus/install/auto_aim_interfaces:${AMENT_PREFIX_PATH} CMAKE_PREFIX_PATH=/home/hdm/tracker_plus_ttttt/tracker_plus/install/auto_aim_interfaces:/opt/ros/humble LD_LIBRARY_PATH=/home/hdm/tracker_plus_ttttt/tracker_plus/install/auto_aim_interfaces/lib:${LD_LIBRARY_PATH} PYTHONPATH=/home/hdm/tracker_plus_ttttt/tracker_plus/install/auto_aim_interfaces/local/lib/python3.10/dist-packages:${PYTHONPATH} /usr/bin/cmake /home/hdm/tracker_plus_ttttt/tracker_plus/src/rm_auto_aim/armor_detector -DAMENT_CMAKE_SYMLINK_INSTALL=1 -DCMAKE_INSTALL_PREFIX=/home/hdm/tracker_plus_ttttt/tracker_plus/install/armor_detector[0m
[12.885s] [34mcolcon.colcon_core.event_handler.log_command[0m [1;30mDEBUG[0m [32mInvoking command in '/home/hdm/tracker_plus_ttttt/tracker_plus/build/armor_detector': AMENT_PREFIX_PATH=/home/hdm/tracker_plus_ttttt/tracker_plus/install/auto_aim_interfaces:${AMENT_PREFIX_PATH} CMAKE_PREFIX_PATH=/home/hdm/tracker_plus_ttttt/tracker_plus/install/auto_aim_interfaces:/opt/ros/humble LD_LIBRARY_PATH=/home/hdm/tracker_plus_ttttt/tracker_plus/install/auto_aim_interfaces/lib:${LD_LIBRARY_PATH} PYTHONPATH=/home/hdm/tracker_plus_ttttt/tracker_plus/install/auto_aim_interfaces/local/lib/python3.10/dist-packages:${PYTHONPATH} /usr/bin/cmake --build /home/hdm/tracker_plus_ttttt/tracker_plus/build/armor_detector -- -j24 -l24[0m
[12.929s] [34mcolcon.colcon_core.event_handler.log_command[0m [1;30mDEBUG[0m [32mInvoked command in '/home/hdm/tracker_plus_ttttt/tracker_plus/build/rm_serial_driver' returned '0': AMENT_PREFIX_PATH=/home/hdm/tracker_plus_ttttt/tracker_plus/install/buff_interfaces:/home/hdm/tracker_plus_ttttt/tracker_plus/install/auto_aim_interfaces:${AMENT_PREFIX_PATH} CMAKE_PREFIX_PATH=/home/hdm/tracker_plus_ttttt/tracker_plus/install/buff_interfaces:/home/hdm/tracker_plus_ttttt/tracker_plus/install/auto_aim_interfaces:/opt/ros/humble LD_LIBRARY_PATH=/home/hdm/tracker_plus_ttttt/tracker_plus/install/buff_interfaces/lib:/home/hdm/tracker_plus_ttttt/tracker_plus/install/auto_aim_interfaces/lib:${LD_LIBRARY_PATH} PYTHONPATH=/home/hdm/tracker_plus_ttttt/tracker_plus/install/buff_interfaces/local/lib/python3.10/dist-packages:/home/hdm/tracker_plus_ttttt/tracker_plus/install/auto_aim_interfaces/local/lib/python3.10/dist-packages:${PYTHONPATH} /usr/bin/cmake /home/hdm/tracker_plus_ttttt/tracker_plus/src/rm_serial_driver -DAMENT_CMAKE_SYMLINK_INSTALL=1 -DCMAKE_INSTALL_PREFIX=/home/hdm/tracker_plus_ttttt/tracker_plus/install/rm_serial_driver[0m
[12.931s] [34mcolcon.colcon_core.event_handler.log_command[0m [1;30mDEBUG[0m [32mInvoking command in '/home/hdm/tracker_plus_ttttt/tracker_plus/build/rm_serial_driver': AMENT_PREFIX_PATH=/home/hdm/tracker_plus_ttttt/tracker_plus/install/buff_interfaces:/home/hdm/tracker_plus_ttttt/tracker_plus/install/auto_aim_interfaces:${AMENT_PREFIX_PATH} CMAKE_PREFIX_PATH=/home/hdm/tracker_plus_ttttt/tracker_plus/install/buff_interfaces:/home/hdm/tracker_plus_ttttt/tracker_plus/install/auto_aim_interfaces:/opt/ros/humble LD_LIBRARY_PATH=/home/hdm/tracker_plus_ttttt/tracker_plus/install/buff_interfaces/lib:/home/hdm/tracker_plus_ttttt/tracker_plus/install/auto_aim_interfaces/lib:${LD_LIBRARY_PATH} PYTHONPATH=/home/hdm/tracker_plus_ttttt/tracker_plus/install/buff_interfaces/local/lib/python3.10/dist-packages:/home/hdm/tracker_plus_ttttt/tracker_plus/install/auto_aim_interfaces/local/lib/python3.10/dist-packages:${PYTHONPATH} /usr/bin/cmake --build /home/hdm/tracker_plus_ttttt/tracker_plus/build/rm_serial_driver -- -j24 -l24[0m
[14.067s] [34mcolcon.colcon_core.event_handler.log_command[0m [1;30mDEBUG[0m [32mInvoked command in '/home/hdm/tracker_plus_ttttt/tracker_plus/build/buff_executor' returned '0': AMENT_PREFIX_PATH=/home/hdm/tracker_plus_ttttt/tracker_plus/install/buff_interfaces:${AMENT_PREFIX_PATH} CMAKE_PREFIX_PATH=/home/hdm/tracker_plus_ttttt/tracker_plus/install/buff_interfaces:/opt/ros/humble LD_LIBRARY_PATH=/home/hdm/tracker_plus_ttttt/tracker_plus/install/buff_interfaces/lib:${LD_LIBRARY_PATH} PYTHONPATH=/home/hdm/tracker_plus_ttttt/tracker_plus/install/buff_interfaces/local/lib/python3.10/dist-packages:${PYTHONPATH} /usr/bin/cmake --build /home/hdm/tracker_plus_ttttt/tracker_plus/build/buff_executor -- -j24 -l24[0m
[14.070s] [34mcolcon.colcon_core.event_handler.log_command[0m [1;30mDEBUG[0m [32mInvoking command in '/home/hdm/tracker_plus_ttttt/tracker_plus/build/buff_executor': AMENT_PREFIX_PATH=/home/hdm/tracker_plus_ttttt/tracker_plus/install/buff_interfaces:${AMENT_PREFIX_PATH} CMAKE_PREFIX_PATH=/home/hdm/tracker_plus_ttttt/tracker_plus/install/buff_interfaces:/opt/ros/humble LD_LIBRARY_PATH=/home/hdm/tracker_plus_ttttt/tracker_plus/install/buff_interfaces/lib:${LD_LIBRARY_PATH} PYTHONPATH=/home/hdm/tracker_plus_ttttt/tracker_plus/install/buff_interfaces/local/lib/python3.10/dist-packages:${PYTHONPATH} /usr/bin/cmake --install /home/hdm/tracker_plus_ttttt/tracker_plus/build/buff_executor[0m
[14.349s] [34mcolcon.colcon_core.environment[0m [1;30mLevel 1[0m create_environment_scripts_only(buff_executor)
[14.350s] [34mcolcon.colcon_core.environment[0m [1;30mLevel 1[0m checking '/home/hdm/tracker_plus_ttttt/tracker_plus/install/buff_executor' for CMake module files
[14.351s] [34mcolcon.colcon_core.event_handler.log_command[0m [1;30mDEBUG[0m [32mInvoked command in '/home/hdm/tracker_plus_ttttt/tracker_plus/build/buff_executor' returned '0': AMENT_PREFIX_PATH=/home/hdm/tracker_plus_ttttt/tracker_plus/install/buff_interfaces:${AMENT_PREFIX_PATH} CMAKE_PREFIX_PATH=/home/hdm/tracker_plus_ttttt/tracker_plus/install/buff_interfaces:/opt/ros/humble LD_LIBRARY_PATH=/home/hdm/tracker_plus_ttttt/tracker_plus/install/buff_interfaces/lib:${LD_LIBRARY_PATH} PYTHONPATH=/home/hdm/tracker_plus_ttttt/tracker_plus/install/buff_interfaces/local/lib/python3.10/dist-packages:${PYTHONPATH} /usr/bin/cmake --install /home/hdm/tracker_plus_ttttt/tracker_plus/build/buff_executor[0m
[14.352s] [34mcolcon.colcon_core.environment[0m [1;30mLevel 1[0m checking '/home/hdm/tracker_plus_ttttt/tracker_plus/install/buff_executor' for CMake config files
[14.353s] [34mcolcon.colcon_core.shell[0m [1;30mLevel 1[0m create_environment_hook('buff_executor', 'cmake_prefix_path')
[14.353s] [34mcolcon.colcon_core.shell[0m [1;30mINFO[0m Creating environment hook '/home/hdm/tracker_plus_ttttt/tracker_plus/install/buff_executor/share/buff_executor/hook/cmake_prefix_path.ps1'
[14.354s] [34mcolcon.colcon_core.shell[0m [1;30mINFO[0m Creating environment descriptor '/home/hdm/tracker_plus_ttttt/tracker_plus/install/buff_executor/share/buff_executor/hook/cmake_prefix_path.dsv'
[14.354s] [34mcolcon.colcon_core.shell[0m [1;30mINFO[0m Creating environment hook '/home/hdm/tracker_plus_ttttt/tracker_plus/install/buff_executor/share/buff_executor/hook/cmake_prefix_path.sh'
[14.355s] [34mcolcon.colcon_core.environment[0m [1;30mLevel 1[0m checking '/home/hdm/tracker_plus_ttttt/tracker_plus/install/buff_executor/lib'
[14.355s] [34mcolcon.colcon_core.shell[0m [1;30mLevel 1[0m create_environment_hook('buff_executor', 'ld_library_path_lib')
[14.356s] [34mcolcon.colcon_core.shell[0m [1;30mINFO[0m Creating environment hook '/home/hdm/tracker_plus_ttttt/tracker_plus/install/buff_executor/share/buff_executor/hook/ld_library_path_lib.ps1'
[14.356s] [34mcolcon.colcon_core.shell[0m [1;30mINFO[0m Creating environment descriptor '/home/hdm/tracker_plus_ttttt/tracker_plus/install/buff_executor/share/buff_executor/hook/ld_library_path_lib.dsv'
[14.357s] [34mcolcon.colcon_core.shell[0m [1;30mINFO[0m Creating environment hook '/home/hdm/tracker_plus_ttttt/tracker_plus/install/buff_executor/share/buff_executor/hook/ld_library_path_lib.sh'
[14.357s] [34mcolcon.colcon_core.environment[0m [1;30mLevel 1[0m checking '/home/hdm/tracker_plus_ttttt/tracker_plus/install/buff_executor/bin'
[14.358s] [34mcolcon.colcon_core.environment[0m [1;30mLevel 1[0m checking '/home/hdm/tracker_plus_ttttt/tracker_plus/install/buff_executor/lib/pkgconfig/buff_executor.pc'
[14.358s] [34mcolcon.colcon_core.environment[0m [1;30mLevel 1[0m checking '/home/hdm/tracker_plus_ttttt/tracker_plus/install/buff_executor/lib/python3.10/site-packages'
[14.358s] [34mcolcon.colcon_core.environment[0m [1;30mLevel 1[0m checking '/home/hdm/tracker_plus_ttttt/tracker_plus/install/buff_executor/bin'
[14.359s] [34mcolcon.colcon_core.shell[0m [1;30mINFO[0m Creating package script '/home/hdm/tracker_plus_ttttt/tracker_plus/install/buff_executor/share/buff_executor/package.ps1'
[14.360s] [34mcolcon.colcon_core.shell[0m [1;30mINFO[0m Creating package descriptor '/home/hdm/tracker_plus_ttttt/tracker_plus/install/buff_executor/share/buff_executor/package.dsv'
[14.360s] [34mcolcon.colcon_core.shell[0m [1;30mINFO[0m Creating package script '/home/hdm/tracker_plus_ttttt/tracker_plus/install/buff_executor/share/buff_executor/package.sh'
[14.361s] [34mcolcon.colcon_core.shell[0m [1;30mINFO[0m Creating package script '/home/hdm/tracker_plus_ttttt/tracker_plus/install/buff_executor/share/buff_executor/package.bash'
[14.361s] [34mcolcon.colcon_core.shell[0m [1;30mINFO[0m Creating package script '/home/hdm/tracker_plus_ttttt/tracker_plus/install/buff_executor/share/buff_executor/package.zsh'
[14.362s] [34mcolcon.colcon_core.environment[0m [1;30mLevel 1[0m create_file_with_runtime_dependencies(/home/hdm/tracker_plus_ttttt/tracker_plus/install/buff_executor/share/colcon-core/packages/buff_executor)
[14.363s] [34mcolcon.colcon_core.environment[0m [1;30mLevel 1[0m create_environment_scripts_only(buff_executor)
[14.364s] [34mcolcon.colcon_core.environment[0m [1;30mLevel 1[0m checking '/home/hdm/tracker_plus_ttttt/tracker_plus/install/buff_executor' for CMake module files
[14.365s] [34mcolcon.colcon_core.environment[0m [1;30mLevel 1[0m checking '/home/hdm/tracker_plus_ttttt/tracker_plus/install/buff_executor' for CMake config files
[14.366s] [34mcolcon.colcon_core.shell[0m [1;30mLevel 1[0m create_environment_hook('buff_executor', 'cmake_prefix_path')
[14.367s] [34mcolcon.colcon_core.shell[0m [1;30mINFO[0m Creating environment hook '/home/hdm/tracker_plus_ttttt/tracker_plus/install/buff_executor/share/buff_executor/hook/cmake_prefix_path.ps1'
[14.368s] [34mcolcon.colcon_core.shell[0m [1;30mINFO[0m Creating environment descriptor '/home/hdm/tracker_plus_ttttt/tracker_plus/install/buff_executor/share/buff_executor/hook/cmake_prefix_path.dsv'
[14.369s] [34mcolcon.colcon_core.shell[0m [1;30mINFO[0m Creating environment hook '/home/hdm/tracker_plus_ttttt/tracker_plus/install/buff_executor/share/buff_executor/hook/cmake_prefix_path.sh'
[14.370s] [34mcolcon.colcon_core.environment[0m [1;30mLevel 1[0m checking '/home/hdm/tracker_plus_ttttt/tracker_plus/install/buff_executor/lib'
[14.370s] [34mcolcon.colcon_core.shell[0m [1;30mLevel 1[0m create_environment_hook('buff_executor', 'ld_library_path_lib')
[14.371s] [34mcolcon.colcon_core.shell[0m [1;30mINFO[0m Creating environment hook '/home/hdm/tracker_plus_ttttt/tracker_plus/install/buff_executor/share/buff_executor/hook/ld_library_path_lib.ps1'
[14.372s] [34mcolcon.colcon_core.shell[0m [1;30mINFO[0m Creating environment descriptor '/home/hdm/tracker_plus_ttttt/tracker_plus/install/buff_executor/share/buff_executor/hook/ld_library_path_lib.dsv'
[14.373s] [34mcolcon.colcon_core.shell[0m [1;30mINFO[0m Creating environment hook '/home/hdm/tracker_plus_ttttt/tracker_plus/install/buff_executor/share/buff_executor/hook/ld_library_path_lib.sh'
[14.374s] [34mcolcon.colcon_core.environment[0m [1;30mLevel 1[0m checking '/home/hdm/tracker_plus_ttttt/tracker_plus/install/buff_executor/bin'
[14.374s] [34mcolcon.colcon_core.environment[0m [1;30mLevel 1[0m checking '/home/hdm/tracker_plus_ttttt/tracker_plus/install/buff_executor/lib/pkgconfig/buff_executor.pc'
[14.374s] [34mcolcon.colcon_core.environment[0m [1;30mLevel 1[0m checking '/home/hdm/tracker_plus_ttttt/tracker_plus/install/buff_executor/lib/python3.10/site-packages'
[14.375s] [34mcolcon.colcon_core.environment[0m [1;30mLevel 1[0m checking '/home/hdm/tracker_plus_ttttt/tracker_plus/install/buff_executor/bin'
[14.376s] [34mcolcon.colcon_core.shell[0m [1;30mINFO[0m Creating package script '/home/hdm/tracker_plus_ttttt/tracker_plus/install/buff_executor/share/buff_executor/package.ps1'
[14.377s] [34mcolcon.colcon_core.shell[0m [1;30mINFO[0m Creating package descriptor '/home/hdm/tracker_plus_ttttt/tracker_plus/install/buff_executor/share/buff_executor/package.dsv'
[14.379s] [34mcolcon.colcon_core.shell[0m [1;30mINFO[0m Creating package script '/home/hdm/tracker_plus_ttttt/tracker_plus/install/buff_executor/share/buff_executor/package.sh'
[14.381s] [34mcolcon.colcon_core.shell[0m [1;30mINFO[0m Creating package script '/home/hdm/tracker_plus_ttttt/tracker_plus/install/buff_executor/share/buff_executor/package.bash'
[14.382s] [34mcolcon.colcon_core.shell[0m [1;30mINFO[0m Creating package script '/home/hdm/tracker_plus_ttttt/tracker_plus/install/buff_executor/share/buff_executor/package.zsh'
[14.383s] [34mcolcon.colcon_core.environment[0m [1;30mLevel 1[0m create_file_with_runtime_dependencies(/home/hdm/tracker_plus_ttttt/tracker_plus/install/buff_executor/share/colcon-core/packages/buff_executor)
[14.384s] [34mcolcon.colcon_ros.task.ament_cmake.build[0m [1;30mINFO[0m Building ROS package in '/home/hdm/tracker_plus_ttttt/tracker_plus/src/rm_buff/buff_tracker' with build type 'ament_cmake'
[14.384s] [34mcolcon.colcon_cmake.task.cmake.build[0m [1;30mINFO[0m Building CMake package in '/home/hdm/tracker_plus_ttttt/tracker_plus/src/rm_buff/buff_tracker'
[14.385s] [34mcolcon.colcon_core.shell[0m [1;30mINFO[0m Skip shell extension 'powershell' for command environment: Not usable outside of PowerShell
[14.385s] [34mcolcon.colcon_core.shell[0m [1;30mDEBUG[0m [32mSkip shell extension 'dsv' for command environment[0m
[14.408s] [34mcolcon.colcon_core.event_handler.log_command[0m [1;30mDEBUG[0m [32mInvoking command in '/home/hdm/tracker_plus_ttttt/tracker_plus/build/buff_tracker': AMENT_PREFIX_PATH=/home/hdm/tracker_plus_ttttt/tracker_plus/install/buff_executor:/home/hdm/tracker_plus_ttttt/tracker_plus/install/buff_interfaces:${AMENT_PREFIX_PATH} CMAKE_PREFIX_PATH=/home/hdm/tracker_plus_ttttt/tracker_plus/install/buff_executor:/home/hdm/tracker_plus_ttttt/tracker_plus/install/buff_interfaces:/opt/ros/humble LD_LIBRARY_PATH=/home/hdm/tracker_plus_ttttt/tracker_plus/install/buff_executor/lib:/home/hdm/tracker_plus_ttttt/tracker_plus/install/buff_interfaces/lib:${LD_LIBRARY_PATH} PYTHONPATH=/home/hdm/tracker_plus_ttttt/tracker_plus/install/buff_interfaces/local/lib/python3.10/dist-packages:${PYTHONPATH} /usr/bin/cmake /home/hdm/tracker_plus_ttttt/tracker_plus/src/rm_buff/buff_tracker -DAMENT_CMAKE_SYMLINK_INSTALL=1 -DCMAKE_INSTALL_PREFIX=/home/hdm/tracker_plus_ttttt/tracker_plus/install/buff_tracker[0m
[16.134s] [34mcolcon.colcon_core.event_handler.log_command[0m [1;30mDEBUG[0m [32mInvoked command in '/home/hdm/tracker_plus_ttttt/tracker_plus/build/buff_tracker' returned '0': AMENT_PREFIX_PATH=/home/hdm/tracker_plus_ttttt/tracker_plus/install/buff_executor:/home/hdm/tracker_plus_ttttt/tracker_plus/install/buff_interfaces:${AMENT_PREFIX_PATH} CMAKE_PREFIX_PATH=/home/hdm/tracker_plus_ttttt/tracker_plus/install/buff_executor:/home/hdm/tracker_plus_ttttt/tracker_plus/install/buff_interfaces:/opt/ros/humble LD_LIBRARY_PATH=/home/hdm/tracker_plus_ttttt/tracker_plus/install/buff_executor/lib:/home/hdm/tracker_plus_ttttt/tracker_plus/install/buff_interfaces/lib:${LD_LIBRARY_PATH} PYTHONPATH=/home/hdm/tracker_plus_ttttt/tracker_plus/install/buff_interfaces/local/lib/python3.10/dist-packages:${PYTHONPATH} /usr/bin/cmake /home/hdm/tracker_plus_ttttt/tracker_plus/src/rm_buff/buff_tracker -DAMENT_CMAKE_SYMLINK_INSTALL=1 -DCMAKE_INSTALL_PREFIX=/home/hdm/tracker_plus_ttttt/tracker_plus/install/buff_tracker[0m
[16.136s] [34mcolcon.colcon_core.event_handler.log_command[0m [1;30mDEBUG[0m [32mInvoking command in '/home/hdm/tracker_plus_ttttt/tracker_plus/build/buff_tracker': AMENT_PREFIX_PATH=/home/hdm/tracker_plus_ttttt/tracker_plus/install/buff_executor:/home/hdm/tracker_plus_ttttt/tracker_plus/install/buff_interfaces:${AMENT_PREFIX_PATH} CMAKE_PREFIX_PATH=/home/hdm/tracker_plus_ttttt/tracker_plus/install/buff_executor:/home/hdm/tracker_plus_ttttt/tracker_plus/install/buff_interfaces:/opt/ros/humble LD_LIBRARY_PATH=/home/hdm/tracker_plus_ttttt/tracker_plus/install/buff_executor/lib:/home/hdm/tracker_plus_ttttt/tracker_plus/install/buff_interfaces/lib:${LD_LIBRARY_PATH} PYTHONPATH=/home/hdm/tracker_plus_ttttt/tracker_plus/install/buff_interfaces/local/lib/python3.10/dist-packages:${PYTHONPATH} /usr/bin/cmake --build /home/hdm/tracker_plus_ttttt/tracker_plus/build/buff_tracker -- -j24 -l24[0m
[17.362s] [34mcolcon.colcon_core.event_handler.log_command[0m [1;30mDEBUG[0m [32mInvoked command in '/home/hdm/tracker_plus_ttttt/tracker_plus/build/rm_auto_record' returned '0': CMAKE_PREFIX_PATH=/opt/ros/humble /usr/bin/cmake --build /home/hdm/tracker_plus_ttttt/tracker_plus/build/rm_auto_record -- -j24 -l24[0m
[17.365s] [34mcolcon.colcon_core.event_handler.log_command[0m [1;30mDEBUG[0m [32mInvoking command in '/home/hdm/tracker_plus_ttttt/tracker_plus/build/rm_auto_record': CMAKE_PREFIX_PATH=/opt/ros/humble /usr/bin/cmake --install /home/hdm/tracker_plus_ttttt/tracker_plus/build/rm_auto_record[0m
[17.705s] [34mcolcon.colcon_core.environment[0m [1;30mLevel 1[0m create_environment_scripts_only(rm_auto_record)
[17.706s] [34mcolcon.colcon_core.environment[0m [1;30mLevel 1[0m checking '/home/hdm/tracker_plus_ttttt/tracker_plus/install/rm_auto_record' for CMake module files
[17.707s] [34mcolcon.colcon_core.event_handler.log_command[0m [1;30mDEBUG[0m [32mInvoked command in '/home/hdm/tracker_plus_ttttt/tracker_plus/build/rm_auto_record' returned '0': CMAKE_PREFIX_PATH=/opt/ros/humble /usr/bin/cmake --install /home/hdm/tracker_plus_ttttt/tracker_plus/build/rm_auto_record[0m
[17.708s] [34mcolcon.colcon_core.environment[0m [1;30mLevel 1[0m checking '/home/hdm/tracker_plus_ttttt/tracker_plus/install/rm_auto_record' for CMake config files
[17.708s] [34mcolcon.colcon_core.shell[0m [1;30mLevel 1[0m create_environment_hook('rm_auto_record', 'cmake_prefix_path')
[17.709s] [34mcolcon.colcon_core.shell[0m [1;30mINFO[0m Creating environment hook '/home/hdm/tracker_plus_ttttt/tracker_plus/install/rm_auto_record/share/rm_auto_record/hook/cmake_prefix_path.ps1'
[17.710s] [34mcolcon.colcon_core.shell[0m [1;30mINFO[0m Creating environment descriptor '/home/hdm/tracker_plus_ttttt/tracker_plus/install/rm_auto_record/share/rm_auto_record/hook/cmake_prefix_path.dsv'
[17.710s] [34mcolcon.colcon_core.shell[0m [1;30mINFO[0m Creating environment hook '/home/hdm/tracker_plus_ttttt/tracker_plus/install/rm_auto_record/share/rm_auto_record/hook/cmake_prefix_path.sh'
[17.710s] [34mcolcon.colcon_core.environment[0m [1;30mLevel 1[0m checking '/home/hdm/tracker_plus_ttttt/tracker_plus/install/rm_auto_record/lib'
[17.710s] [34mcolcon.colcon_core.shell[0m [1;30mLevel 1[0m create_environment_hook('rm_auto_record', 'ld_library_path_lib')
[17.711s] [34mcolcon.colcon_core.shell[0m [1;30mINFO[0m Creating environment hook '/home/hdm/tracker_plus_ttttt/tracker_plus/install/rm_auto_record/share/rm_auto_record/hook/ld_library_path_lib.ps1'
[17.711s] [34mcolcon.colcon_core.shell[0m [1;30mINFO[0m Creating environment descriptor '/home/hdm/tracker_plus_ttttt/tracker_plus/install/rm_auto_record/share/rm_auto_record/hook/ld_library_path_lib.dsv'
[17.711s] [34mcolcon.colcon_core.shell[0m [1;30mINFO[0m Creating environment hook '/home/hdm/tracker_plus_ttttt/tracker_plus/install/rm_auto_record/share/rm_auto_record/hook/ld_library_path_lib.sh'
[17.712s] [34mcolcon.colcon_core.environment[0m [1;30mLevel 1[0m checking '/home/hdm/tracker_plus_ttttt/tracker_plus/install/rm_auto_record/bin'
[17.712s] [34mcolcon.colcon_core.environment[0m [1;30mLevel 1[0m checking '/home/hdm/tracker_plus_ttttt/tracker_plus/install/rm_auto_record/lib/pkgconfig/rm_auto_record.pc'
[17.712s] [34mcolcon.colcon_core.environment[0m [1;30mLevel 1[0m checking '/home/hdm/tracker_plus_ttttt/tracker_plus/install/rm_auto_record/lib/python3.10/site-packages'
[17.712s] [34mcolcon.colcon_core.environment[0m [1;30mLevel 1[0m checking '/home/hdm/tracker_plus_ttttt/tracker_plus/install/rm_auto_record/bin'
[17.712s] [34mcolcon.colcon_core.shell[0m [1;30mINFO[0m Creating package script '/home/hdm/tracker_plus_ttttt/tracker_plus/install/rm_auto_record/share/rm_auto_record/package.ps1'
[17.713s] [34mcolcon.colcon_core.shell[0m [1;30mINFO[0m Creating package descriptor '/home/hdm/tracker_plus_ttttt/tracker_plus/install/rm_auto_record/share/rm_auto_record/package.dsv'
[17.713s] [34mcolcon.colcon_core.shell[0m [1;30mINFO[0m Creating package script '/home/hdm/tracker_plus_ttttt/tracker_plus/install/rm_auto_record/share/rm_auto_record/package.sh'
[17.714s] [34mcolcon.colcon_core.shell[0m [1;30mINFO[0m Creating package script '/home/hdm/tracker_plus_ttttt/tracker_plus/install/rm_auto_record/share/rm_auto_record/package.bash'
[17.714s] [34mcolcon.colcon_core.shell[0m [1;30mINFO[0m Creating package script '/home/hdm/tracker_plus_ttttt/tracker_plus/install/rm_auto_record/share/rm_auto_record/package.zsh'
[17.714s] [34mcolcon.colcon_core.environment[0m [1;30mLevel 1[0m create_file_with_runtime_dependencies(/home/hdm/tracker_plus_ttttt/tracker_plus/install/rm_auto_record/share/colcon-core/packages/rm_auto_record)
[17.715s] [34mcolcon.colcon_core.environment[0m [1;30mLevel 1[0m create_environment_scripts_only(rm_auto_record)
[17.715s] [34mcolcon.colcon_core.environment[0m [1;30mLevel 1[0m checking '/home/hdm/tracker_plus_ttttt/tracker_plus/install/rm_auto_record' for CMake module files
[17.715s] [34mcolcon.colcon_core.environment[0m [1;30mLevel 1[0m checking '/home/hdm/tracker_plus_ttttt/tracker_plus/install/rm_auto_record' for CMake config files
[17.716s] [34mcolcon.colcon_core.shell[0m [1;30mLevel 1[0m create_environment_hook('rm_auto_record', 'cmake_prefix_path')
[17.716s] [34mcolcon.colcon_core.shell[0m [1;30mINFO[0m Creating environment hook '/home/hdm/tracker_plus_ttttt/tracker_plus/install/rm_auto_record/share/rm_auto_record/hook/cmake_prefix_path.ps1'
[17.716s] [34mcolcon.colcon_core.shell[0m [1;30mINFO[0m Creating environment descriptor '/home/hdm/tracker_plus_ttttt/tracker_plus/install/rm_auto_record/share/rm_auto_record/hook/cmake_prefix_path.dsv'
[17.717s] [34mcolcon.colcon_core.shell[0m [1;30mINFO[0m Creating environment hook '/home/hdm/tracker_plus_ttttt/tracker_plus/install/rm_auto_record/share/rm_auto_record/hook/cmake_prefix_path.sh'
[17.717s] [34mcolcon.colcon_core.environment[0m [1;30mLevel 1[0m checking '/home/hdm/tracker_plus_ttttt/tracker_plus/install/rm_auto_record/lib'
[17.717s] [34mcolcon.colcon_core.shell[0m [1;30mLevel 1[0m create_environment_hook('rm_auto_record', 'ld_library_path_lib')
[17.717s] [34mcolcon.colcon_core.shell[0m [1;30mINFO[0m Creating environment hook '/home/hdm/tracker_plus_ttttt/tracker_plus/install/rm_auto_record/share/rm_auto_record/hook/ld_library_path_lib.ps1'
[17.718s] [34mcolcon.colcon_core.shell[0m [1;30mINFO[0m Creating environment descriptor '/home/hdm/tracker_plus_ttttt/tracker_plus/install/rm_auto_record/share/rm_auto_record/hook/ld_library_path_lib.dsv'
[17.718s] [34mcolcon.colcon_core.shell[0m [1;30mINFO[0m Creating environment hook '/home/hdm/tracker_plus_ttttt/tracker_plus/install/rm_auto_record/share/rm_auto_record/hook/ld_library_path_lib.sh'
[17.718s] [34mcolcon.colcon_core.environment[0m [1;30mLevel 1[0m checking '/home/hdm/tracker_plus_ttttt/tracker_plus/install/rm_auto_record/bin'
[17.718s] [34mcolcon.colcon_core.environment[0m [1;30mLevel 1[0m checking '/home/hdm/tracker_plus_ttttt/tracker_plus/install/rm_auto_record/lib/pkgconfig/rm_auto_record.pc'
[17.719s] [34mcolcon.colcon_core.environment[0m [1;30mLevel 1[0m checking '/home/hdm/tracker_plus_ttttt/tracker_plus/install/rm_auto_record/lib/python3.10/site-packages'
[17.719s] [34mcolcon.colcon_core.environment[0m [1;30mLevel 1[0m checking '/home/hdm/tracker_plus_ttttt/tracker_plus/install/rm_auto_record/bin'
[17.719s] [34mcolcon.colcon_core.shell[0m [1;30mINFO[0m Creating package script '/home/hdm/tracker_plus_ttttt/tracker_plus/install/rm_auto_record/share/rm_auto_record/package.ps1'
[17.720s] [34mcolcon.colcon_core.shell[0m [1;30mINFO[0m Creating package descriptor '/home/hdm/tracker_plus_ttttt/tracker_plus/install/rm_auto_record/share/rm_auto_record/package.dsv'
[17.720s] [34mcolcon.colcon_core.shell[0m [1;30mINFO[0m Creating package script '/home/hdm/tracker_plus_ttttt/tracker_plus/install/rm_auto_record/share/rm_auto_record/package.sh'
[17.720s] [34mcolcon.colcon_core.shell[0m [1;30mINFO[0m Creating package script '/home/hdm/tracker_plus_ttttt/tracker_plus/install/rm_auto_record/share/rm_auto_record/package.bash'
[17.721s] [34mcolcon.colcon_core.shell[0m [1;30mINFO[0m Creating package script '/home/hdm/tracker_plus_ttttt/tracker_plus/install/rm_auto_record/share/rm_auto_record/package.zsh'
[17.721s] [34mcolcon.colcon_core.environment[0m [1;30mLevel 1[0m create_file_with_runtime_dependencies(/home/hdm/tracker_plus_ttttt/tracker_plus/install/rm_auto_record/share/colcon-core/packages/rm_auto_record)
[18.536s] [34mcolcon.colcon_core.event_handler.log_command[0m [1;30mDEBUG[0m [32mInvoked command in '/home/hdm/tracker_plus_ttttt/tracker_plus/build/armor_executor' returned '0': AMENT_PREFIX_PATH=/home/hdm/tracker_plus_ttttt/tracker_plus/install/auto_aim_interfaces:${AMENT_PREFIX_PATH} CMAKE_PREFIX_PATH=/home/hdm/tracker_plus_ttttt/tracker_plus/install/auto_aim_interfaces:/opt/ros/humble LD_LIBRARY_PATH=/home/hdm/tracker_plus_ttttt/tracker_plus/install/auto_aim_interfaces/lib:${LD_LIBRARY_PATH} PYTHONPATH=/home/hdm/tracker_plus_ttttt/tracker_plus/install/auto_aim_interfaces/local/lib/python3.10/dist-packages:${PYTHONPATH} /usr/bin/cmake --build /home/hdm/tracker_plus_ttttt/tracker_plus/build/armor_executor -- -j24 -l24[0m
[18.539s] [34mcolcon.colcon_core.event_handler.log_command[0m [1;30mDEBUG[0m [32mInvoking command in '/home/hdm/tracker_plus_ttttt/tracker_plus/build/armor_executor': AMENT_PREFIX_PATH=/home/hdm/tracker_plus_ttttt/tracker_plus/install/auto_aim_interfaces:${AMENT_PREFIX_PATH} CMAKE_PREFIX_PATH=/home/hdm/tracker_plus_ttttt/tracker_plus/install/auto_aim_interfaces:/opt/ros/humble LD_LIBRARY_PATH=/home/hdm/tracker_plus_ttttt/tracker_plus/install/auto_aim_interfaces/lib:${LD_LIBRARY_PATH} PYTHONPATH=/home/hdm/tracker_plus_ttttt/tracker_plus/install/auto_aim_interfaces/local/lib/python3.10/dist-packages:${PYTHONPATH} /usr/bin/cmake --install /home/hdm/tracker_plus_ttttt/tracker_plus/build/armor_executor[0m
[18.836s] [34mcolcon.colcon_core.environment[0m [1;30mLevel 1[0m create_environment_scripts_only(armor_executor)
[18.836s] [34mcolcon.colcon_core.environment[0m [1;30mLevel 1[0m checking '/home/hdm/tracker_plus_ttttt/tracker_plus/install/armor_executor' for CMake module files
[18.837s] [34mcolcon.colcon_core.event_handler.log_command[0m [1;30mDEBUG[0m [32mInvoked command in '/home/hdm/tracker_plus_ttttt/tracker_plus/build/armor_executor' returned '0': AMENT_PREFIX_PATH=/home/hdm/tracker_plus_ttttt/tracker_plus/install/auto_aim_interfaces:${AMENT_PREFIX_PATH} CMAKE_PREFIX_PATH=/home/hdm/tracker_plus_ttttt/tracker_plus/install/auto_aim_interfaces:/opt/ros/humble LD_LIBRARY_PATH=/home/hdm/tracker_plus_ttttt/tracker_plus/install/auto_aim_interfaces/lib:${LD_LIBRARY_PATH} PYTHONPATH=/home/hdm/tracker_plus_ttttt/tracker_plus/install/auto_aim_interfaces/local/lib/python3.10/dist-packages:${PYTHONPATH} /usr/bin/cmake --install /home/hdm/tracker_plus_ttttt/tracker_plus/build/armor_executor[0m
[18.838s] [34mcolcon.colcon_core.environment[0m [1;30mLevel 1[0m checking '/home/hdm/tracker_plus_ttttt/tracker_plus/install/armor_executor' for CMake config files
[18.838s] [34mcolcon.colcon_core.shell[0m [1;30mLevel 1[0m create_environment_hook('armor_executor', 'cmake_prefix_path')
[18.839s] [34mcolcon.colcon_core.shell[0m [1;30mINFO[0m Creating environment hook '/home/hdm/tracker_plus_ttttt/tracker_plus/install/armor_executor/share/armor_executor/hook/cmake_prefix_path.ps1'
[18.840s] [34mcolcon.colcon_core.shell[0m [1;30mINFO[0m Creating environment descriptor '/home/hdm/tracker_plus_ttttt/tracker_plus/install/armor_executor/share/armor_executor/hook/cmake_prefix_path.dsv'
[18.840s] [34mcolcon.colcon_core.shell[0m [1;30mINFO[0m Creating environment hook '/home/hdm/tracker_plus_ttttt/tracker_plus/install/armor_executor/share/armor_executor/hook/cmake_prefix_path.sh'
[18.841s] [34mcolcon.colcon_core.environment[0m [1;30mLevel 1[0m checking '/home/hdm/tracker_plus_ttttt/tracker_plus/install/armor_executor/lib'
[18.841s] [34mcolcon.colcon_core.shell[0m [1;30mLevel 1[0m create_environment_hook('armor_executor', 'ld_library_path_lib')
[18.841s] [34mcolcon.colcon_core.shell[0m [1;30mINFO[0m Creating environment hook '/home/hdm/tracker_plus_ttttt/tracker_plus/install/armor_executor/share/armor_executor/hook/ld_library_path_lib.ps1'
[18.842s] [34mcolcon.colcon_core.shell[0m [1;30mINFO[0m Creating environment descriptor '/home/hdm/tracker_plus_ttttt/tracker_plus/install/armor_executor/share/armor_executor/hook/ld_library_path_lib.dsv'
[18.842s] [34mcolcon.colcon_core.shell[0m [1;30mINFO[0m Creating environment hook '/home/hdm/tracker_plus_ttttt/tracker_plus/install/armor_executor/share/armor_executor/hook/ld_library_path_lib.sh'
[18.843s] [34mcolcon.colcon_core.environment[0m [1;30mLevel 1[0m checking '/home/hdm/tracker_plus_ttttt/tracker_plus/install/armor_executor/bin'
[18.843s] [34mcolcon.colcon_core.environment[0m [1;30mLevel 1[0m checking '/home/hdm/tracker_plus_ttttt/tracker_plus/install/armor_executor/lib/pkgconfig/armor_executor.pc'
[18.843s] [34mcolcon.colcon_core.environment[0m [1;30mLevel 1[0m checking '/home/hdm/tracker_plus_ttttt/tracker_plus/install/armor_executor/lib/python3.10/site-packages'
[18.844s] [34mcolcon.colcon_core.environment[0m [1;30mLevel 1[0m checking '/home/hdm/tracker_plus_ttttt/tracker_plus/install/armor_executor/bin'
[18.844s] [34mcolcon.colcon_core.shell[0m [1;30mINFO[0m Creating package script '/home/hdm/tracker_plus_ttttt/tracker_plus/install/armor_executor/share/armor_executor/package.ps1'
[18.845s] [34mcolcon.colcon_core.shell[0m [1;30mINFO[0m Creating package descriptor '/home/hdm/tracker_plus_ttttt/tracker_plus/install/armor_executor/share/armor_executor/package.dsv'
[18.846s] [34mcolcon.colcon_core.shell[0m [1;30mINFO[0m Creating package script '/home/hdm/tracker_plus_ttttt/tracker_plus/install/armor_executor/share/armor_executor/package.sh'
[18.846s] [34mcolcon.colcon_core.shell[0m [1;30mINFO[0m Creating package script '/home/hdm/tracker_plus_ttttt/tracker_plus/install/armor_executor/share/armor_executor/package.bash'
[18.847s] [34mcolcon.colcon_core.shell[0m [1;30mINFO[0m Creating package script '/home/hdm/tracker_plus_ttttt/tracker_plus/install/armor_executor/share/armor_executor/package.zsh'
[18.847s] [34mcolcon.colcon_core.environment[0m [1;30mLevel 1[0m create_file_with_runtime_dependencies(/home/hdm/tracker_plus_ttttt/tracker_plus/install/armor_executor/share/colcon-core/packages/armor_executor)
[18.848s] [34mcolcon.colcon_core.environment[0m [1;30mLevel 1[0m create_environment_scripts_only(armor_executor)
[18.848s] [34mcolcon.colcon_core.environment[0m [1;30mLevel 1[0m checking '/home/hdm/tracker_plus_ttttt/tracker_plus/install/armor_executor' for CMake module files
[18.849s] [34mcolcon.colcon_core.environment[0m [1;30mLevel 1[0m checking '/home/hdm/tracker_plus_ttttt/tracker_plus/install/armor_executor' for CMake config files
[18.850s] [34mcolcon.colcon_core.shell[0m [1;30mLevel 1[0m create_environment_hook('armor_executor', 'cmake_prefix_path')
[18.850s] [34mcolcon.colcon_core.shell[0m [1;30mINFO[0m Creating environment hook '/home/hdm/tracker_plus_ttttt/tracker_plus/install/armor_executor/share/armor_executor/hook/cmake_prefix_path.ps1'
[18.851s] [34mcolcon.colcon_core.shell[0m [1;30mINFO[0m Creating environment descriptor '/home/hdm/tracker_plus_ttttt/tracker_plus/install/armor_executor/share/armor_executor/hook/cmake_prefix_path.dsv'
[18.851s] [34mcolcon.colcon_core.shell[0m [1;30mINFO[0m Creating environment hook '/home/hdm/tracker_plus_ttttt/tracker_plus/install/armor_executor/share/armor_executor/hook/cmake_prefix_path.sh'
[18.852s] [34mcolcon.colcon_core.environment[0m [1;30mLevel 1[0m checking '/home/hdm/tracker_plus_ttttt/tracker_plus/install/armor_executor/lib'
[18.852s] [34mcolcon.colcon_core.shell[0m [1;30mLevel 1[0m create_environment_hook('armor_executor', 'ld_library_path_lib')
[18.852s] [34mcolcon.colcon_core.shell[0m [1;30mINFO[0m Creating environment hook '/home/hdm/tracker_plus_ttttt/tracker_plus/install/armor_executor/share/armor_executor/hook/ld_library_path_lib.ps1'
[18.853s] [34mcolcon.colcon_core.shell[0m [1;30mINFO[0m Creating environment descriptor '/home/hdm/tracker_plus_ttttt/tracker_plus/install/armor_executor/share/armor_executor/hook/ld_library_path_lib.dsv'
[18.853s] [34mcolcon.colcon_core.shell[0m [1;30mINFO[0m Creating environment hook '/home/hdm/tracker_plus_ttttt/tracker_plus/install/armor_executor/share/armor_executor/hook/ld_library_path_lib.sh'
[18.854s] [34mcolcon.colcon_core.environment[0m [1;30mLevel 1[0m checking '/home/hdm/tracker_plus_ttttt/tracker_plus/install/armor_executor/bin'
[18.854s] [34mcolcon.colcon_core.environment[0m [1;30mLevel 1[0m checking '/home/hdm/tracker_plus_ttttt/tracker_plus/install/armor_executor/lib/pkgconfig/armor_executor.pc'
[18.854s] [34mcolcon.colcon_core.environment[0m [1;30mLevel 1[0m checking '/home/hdm/tracker_plus_ttttt/tracker_plus/install/armor_executor/lib/python3.10/site-packages'
[18.855s] [34mcolcon.colcon_core.environment[0m [1;30mLevel 1[0m checking '/home/hdm/tracker_plus_ttttt/tracker_plus/install/armor_executor/bin'
[18.855s] [34mcolcon.colcon_core.shell[0m [1;30mINFO[0m Creating package script '/home/hdm/tracker_plus_ttttt/tracker_plus/install/armor_executor/share/armor_executor/package.ps1'
[18.856s] [34mcolcon.colcon_core.shell[0m [1;30mINFO[0m Creating package descriptor '/home/hdm/tracker_plus_ttttt/tracker_plus/install/armor_executor/share/armor_executor/package.dsv'
[18.857s] [34mcolcon.colcon_core.shell[0m [1;30mINFO[0m Creating package script '/home/hdm/tracker_plus_ttttt/tracker_plus/install/armor_executor/share/armor_executor/package.sh'
[18.857s] [34mcolcon.colcon_core.shell[0m [1;30mINFO[0m Creating package script '/home/hdm/tracker_plus_ttttt/tracker_plus/install/armor_executor/share/armor_executor/package.bash'
[18.858s] [34mcolcon.colcon_core.shell[0m [1;30mINFO[0m Creating package script '/home/hdm/tracker_plus_ttttt/tracker_plus/install/armor_executor/share/armor_executor/package.zsh'
[18.859s] [34mcolcon.colcon_core.environment[0m [1;30mLevel 1[0m create_file_with_runtime_dependencies(/home/hdm/tracker_plus_ttttt/tracker_plus/install/armor_executor/share/colcon-core/packages/armor_executor)
[18.859s] [34mcolcon.colcon_ros.task.ament_cmake.build[0m [1;30mINFO[0m Building ROS package in '/home/hdm/tracker_plus_ttttt/tracker_plus/src/rm_auto_aim/armor_tracker' with build type 'ament_cmake'
[18.859s] [34mcolcon.colcon_cmake.task.cmake.build[0m [1;30mINFO[0m Building CMake package in '/home/hdm/tracker_plus_ttttt/tracker_plus/src/rm_auto_aim/armor_tracker'
[18.860s] [34mcolcon.colcon_core.shell[0m [1;30mINFO[0m Skip shell extension 'powershell' for command environment: Not usable outside of PowerShell
[18.860s] [34mcolcon.colcon_core.shell[0m [1;30mDEBUG[0m [32mSkip shell extension 'dsv' for command environment[0m
[18.877s] [34mcolcon.colcon_core.event_handler.log_command[0m [1;30mDEBUG[0m [32mInvoking command in '/home/hdm/tracker_plus_ttttt/tracker_plus/build/armor_tracker': AMENT_PREFIX_PATH=/home/hdm/tracker_plus_ttttt/tracker_plus/install/armor_executor:/home/hdm/tracker_plus_ttttt/tracker_plus/install/auto_aim_interfaces:${AMENT_PREFIX_PATH} CMAKE_PREFIX_PATH=/home/hdm/tracker_plus_ttttt/tracker_plus/install/armor_executor:/home/hdm/tracker_plus_ttttt/tracker_plus/install/auto_aim_interfaces:/opt/ros/humble LD_LIBRARY_PATH=/home/hdm/tracker_plus_ttttt/tracker_plus/install/armor_executor/lib:/home/hdm/tracker_plus_ttttt/tracker_plus/install/auto_aim_interfaces/lib:${LD_LIBRARY_PATH} PYTHONPATH=/home/hdm/tracker_plus_ttttt/tracker_plus/install/auto_aim_interfaces/local/lib/python3.10/dist-packages:${PYTHONPATH} /usr/bin/cmake /home/hdm/tracker_plus_ttttt/tracker_plus/src/rm_auto_aim/armor_tracker -DAMENT_CMAKE_SYMLINK_INSTALL=1 -DCMAKE_INSTALL_PREFIX=/home/hdm/tracker_plus_ttttt/tracker_plus/install/armor_tracker[0m
[20.271s] [34mcolcon.colcon_core.event_handler.log_command[0m [1;30mDEBUG[0m [32mInvoked command in '/home/hdm/tracker_plus_ttttt/tracker_plus/build/armor_tracker' returned '0': AMENT_PREFIX_PATH=/home/hdm/tracker_plus_ttttt/tracker_plus/install/armor_executor:/home/hdm/tracker_plus_ttttt/tracker_plus/install/auto_aim_interfaces:${AMENT_PREFIX_PATH} CMAKE_PREFIX_PATH=/home/hdm/tracker_plus_ttttt/tracker_plus/install/armor_executor:/home/hdm/tracker_plus_ttttt/tracker_plus/install/auto_aim_interfaces:/opt/ros/humble LD_LIBRARY_PATH=/home/hdm/tracker_plus_ttttt/tracker_plus/install/armor_executor/lib:/home/hdm/tracker_plus_ttttt/tracker_plus/install/auto_aim_interfaces/lib:${LD_LIBRARY_PATH} PYTHONPATH=/home/hdm/tracker_plus_ttttt/tracker_plus/install/auto_aim_interfaces/local/lib/python3.10/dist-packages:${PYTHONPATH} /usr/bin/cmake /home/hdm/tracker_plus_ttttt/tracker_plus/src/rm_auto_aim/armor_tracker -DAMENT_CMAKE_SYMLINK_INSTALL=1 -DCMAKE_INSTALL_PREFIX=/home/hdm/tracker_plus_ttttt/tracker_plus/install/armor_tracker[0m
[20.273s] [34mcolcon.colcon_core.event_handler.log_command[0m [1;30mDEBUG[0m [32mInvoking command in '/home/hdm/tracker_plus_ttttt/tracker_plus/build/armor_tracker': AMENT_PREFIX_PATH=/home/hdm/tracker_plus_ttttt/tracker_plus/install/armor_executor:/home/hdm/tracker_plus_ttttt/tracker_plus/install/auto_aim_interfaces:${AMENT_PREFIX_PATH} CMAKE_PREFIX_PATH=/home/hdm/tracker_plus_ttttt/tracker_plus/install/armor_executor:/home/hdm/tracker_plus_ttttt/tracker_plus/install/auto_aim_interfaces:/opt/ros/humble LD_LIBRARY_PATH=/home/hdm/tracker_plus_ttttt/tracker_plus/install/armor_executor/lib:/home/hdm/tracker_plus_ttttt/tracker_plus/install/auto_aim_interfaces/lib:${LD_LIBRARY_PATH} PYTHONPATH=/home/hdm/tracker_plus_ttttt/tracker_plus/install/auto_aim_interfaces/local/lib/python3.10/dist-packages:${PYTHONPATH} /usr/bin/cmake --build /home/hdm/tracker_plus_ttttt/tracker_plus/build/armor_tracker -- -j24 -l24[0m
[27.870s] [34mcolcon.colcon_core.event_handler.log_command[0m [1;30mDEBUG[0m [32mInvoked command in '/home/hdm/tracker_plus_ttttt/tracker_plus/build/buff_detector' returned '0': AMENT_PREFIX_PATH=/home/hdm/tracker_plus_ttttt/tracker_plus/install/buff_interfaces:${AMENT_PREFIX_PATH} CMAKE_PREFIX_PATH=/home/hdm/tracker_plus_ttttt/tracker_plus/install/buff_interfaces:/opt/ros/humble LD_LIBRARY_PATH=/home/hdm/tracker_plus_ttttt/tracker_plus/install/buff_interfaces/lib:${LD_LIBRARY_PATH} PYTHONPATH=/home/hdm/tracker_plus_ttttt/tracker_plus/install/buff_interfaces/local/lib/python3.10/dist-packages:${PYTHONPATH} /usr/bin/cmake --build /home/hdm/tracker_plus_ttttt/tracker_plus/build/buff_detector -- -j24 -l24[0m
[27.871s] [34mcolcon.colcon_core.event_handler.log_command[0m [1;30mDEBUG[0m [32mInvoking command in '/home/hdm/tracker_plus_ttttt/tracker_plus/build/buff_detector': AMENT_PREFIX_PATH=/home/hdm/tracker_plus_ttttt/tracker_plus/install/buff_interfaces:${AMENT_PREFIX_PATH} CMAKE_PREFIX_PATH=/home/hdm/tracker_plus_ttttt/tracker_plus/install/buff_interfaces:/opt/ros/humble LD_LIBRARY_PATH=/home/hdm/tracker_plus_ttttt/tracker_plus/install/buff_interfaces/lib:${LD_LIBRARY_PATH} PYTHONPATH=/home/hdm/tracker_plus_ttttt/tracker_plus/install/buff_interfaces/local/lib/python3.10/dist-packages:${PYTHONPATH} /usr/bin/cmake --install /home/hdm/tracker_plus_ttttt/tracker_plus/build/buff_detector[0m
[28.126s] [34mcolcon.colcon_core.environment[0m [1;30mLevel 1[0m create_environment_scripts_only(buff_detector)
[28.127s] [34mcolcon.colcon_core.environment[0m [1;30mLevel 1[0m checking '/home/hdm/tracker_plus_ttttt/tracker_plus/install/buff_detector' for CMake module files
[28.127s] [34mcolcon.colcon_core.event_handler.log_command[0m [1;30mDEBUG[0m [32mInvoked command in '/home/hdm/tracker_plus_ttttt/tracker_plus/build/buff_detector' returned '0': AMENT_PREFIX_PATH=/home/hdm/tracker_plus_ttttt/tracker_plus/install/buff_interfaces:${AMENT_PREFIX_PATH} CMAKE_PREFIX_PATH=/home/hdm/tracker_plus_ttttt/tracker_plus/install/buff_interfaces:/opt/ros/humble LD_LIBRARY_PATH=/home/hdm/tracker_plus_ttttt/tracker_plus/install/buff_interfaces/lib:${LD_LIBRARY_PATH} PYTHONPATH=/home/hdm/tracker_plus_ttttt/tracker_plus/install/buff_interfaces/local/lib/python3.10/dist-packages:${PYTHONPATH} /usr/bin/cmake --install /home/hdm/tracker_plus_ttttt/tracker_plus/build/buff_detector[0m
[28.127s] [34mcolcon.colcon_core.environment[0m [1;30mLevel 1[0m checking '/home/hdm/tracker_plus_ttttt/tracker_plus/install/buff_detector' for CMake config files
[28.128s] [34mcolcon.colcon_core.shell[0m [1;30mLevel 1[0m create_environment_hook('buff_detector', 'cmake_prefix_path')
[28.128s] [34mcolcon.colcon_core.shell[0m [1;30mINFO[0m Creating environment hook '/home/hdm/tracker_plus_ttttt/tracker_plus/install/buff_detector/share/buff_detector/hook/cmake_prefix_path.ps1'
[28.128s] [34mcolcon.colcon_core.shell[0m [1;30mINFO[0m Creating environment descriptor '/home/hdm/tracker_plus_ttttt/tracker_plus/install/buff_detector/share/buff_detector/hook/cmake_prefix_path.dsv'
[28.129s] [34mcolcon.colcon_core.shell[0m [1;30mINFO[0m Creating environment hook '/home/hdm/tracker_plus_ttttt/tracker_plus/install/buff_detector/share/buff_detector/hook/cmake_prefix_path.sh'
[28.129s] [34mcolcon.colcon_core.environment[0m [1;30mLevel 1[0m checking '/home/hdm/tracker_plus_ttttt/tracker_plus/install/buff_detector/lib'
[28.129s] [34mcolcon.colcon_core.shell[0m [1;30mLevel 1[0m create_environment_hook('buff_detector', 'ld_library_path_lib')
[28.129s] [34mcolcon.colcon_core.shell[0m [1;30mINFO[0m Creating environment hook '/home/hdm/tracker_plus_ttttt/tracker_plus/install/buff_detector/share/buff_detector/hook/ld_library_path_lib.ps1'
[28.130s] [34mcolcon.colcon_core.shell[0m [1;30mINFO[0m Creating environment descriptor '/home/hdm/tracker_plus_ttttt/tracker_plus/install/buff_detector/share/buff_detector/hook/ld_library_path_lib.dsv'
[28.130s] [34mcolcon.colcon_core.shell[0m [1;30mINFO[0m Creating environment hook '/home/hdm/tracker_plus_ttttt/tracker_plus/install/buff_detector/share/buff_detector/hook/ld_library_path_lib.sh'
[28.130s] [34mcolcon.colcon_core.environment[0m [1;30mLevel 1[0m checking '/home/hdm/tracker_plus_ttttt/tracker_plus/install/buff_detector/bin'
[28.130s] [34mcolcon.colcon_core.environment[0m [1;30mLevel 1[0m checking '/home/hdm/tracker_plus_ttttt/tracker_plus/install/buff_detector/lib/pkgconfig/buff_detector.pc'
[28.130s] [34mcolcon.colcon_core.environment[0m [1;30mLevel 1[0m checking '/home/hdm/tracker_plus_ttttt/tracker_plus/install/buff_detector/lib/python3.10/site-packages'
[28.130s] [34mcolcon.colcon_core.environment[0m [1;30mLevel 1[0m checking '/home/hdm/tracker_plus_ttttt/tracker_plus/install/buff_detector/bin'
[28.131s] [34mcolcon.colcon_core.shell[0m [1;30mINFO[0m Creating package script '/home/hdm/tracker_plus_ttttt/tracker_plus/install/buff_detector/share/buff_detector/package.ps1'
[28.131s] [34mcolcon.colcon_core.shell[0m [1;30mINFO[0m Creating package descriptor '/home/hdm/tracker_plus_ttttt/tracker_plus/install/buff_detector/share/buff_detector/package.dsv'
[28.131s] [34mcolcon.colcon_core.shell[0m [1;30mINFO[0m Creating package script '/home/hdm/tracker_plus_ttttt/tracker_plus/install/buff_detector/share/buff_detector/package.sh'
[28.132s] [34mcolcon.colcon_core.shell[0m [1;30mINFO[0m Creating package script '/home/hdm/tracker_plus_ttttt/tracker_plus/install/buff_detector/share/buff_detector/package.bash'
[28.132s] [34mcolcon.colcon_core.shell[0m [1;30mINFO[0m Creating package script '/home/hdm/tracker_plus_ttttt/tracker_plus/install/buff_detector/share/buff_detector/package.zsh'
[28.132s] [34mcolcon.colcon_core.environment[0m [1;30mLevel 1[0m create_file_with_runtime_dependencies(/home/hdm/tracker_plus_ttttt/tracker_plus/install/buff_detector/share/colcon-core/packages/buff_detector)
[28.132s] [34mcolcon.colcon_core.environment[0m [1;30mLevel 1[0m create_environment_scripts_only(buff_detector)
[28.133s] [34mcolcon.colcon_core.environment[0m [1;30mLevel 1[0m checking '/home/hdm/tracker_plus_ttttt/tracker_plus/install/buff_detector' for CMake module files
[28.133s] [34mcolcon.colcon_core.environment[0m [1;30mLevel 1[0m checking '/home/hdm/tracker_plus_ttttt/tracker_plus/install/buff_detector' for CMake config files
[28.133s] [34mcolcon.colcon_core.shell[0m [1;30mLevel 1[0m create_environment_hook('buff_detector', 'cmake_prefix_path')
[28.133s] [34mcolcon.colcon_core.shell[0m [1;30mINFO[0m Creating environment hook '/home/hdm/tracker_plus_ttttt/tracker_plus/install/buff_detector/share/buff_detector/hook/cmake_prefix_path.ps1'
[28.134s] [34mcolcon.colcon_core.shell[0m [1;30mINFO[0m Creating environment descriptor '/home/hdm/tracker_plus_ttttt/tracker_plus/install/buff_detector/share/buff_detector/hook/cmake_prefix_path.dsv'
[28.134s] [34mcolcon.colcon_core.shell[0m [1;30mINFO[0m Creating environment hook '/home/hdm/tracker_plus_ttttt/tracker_plus/install/buff_detector/share/buff_detector/hook/cmake_prefix_path.sh'
[28.134s] [34mcolcon.colcon_core.environment[0m [1;30mLevel 1[0m checking '/home/hdm/tracker_plus_ttttt/tracker_plus/install/buff_detector/lib'
[28.134s] [34mcolcon.colcon_core.shell[0m [1;30mLevel 1[0m create_environment_hook('buff_detector', 'ld_library_path_lib')
[28.134s] [34mcolcon.colcon_core.shell[0m [1;30mINFO[0m Creating environment hook '/home/hdm/tracker_plus_ttttt/tracker_plus/install/buff_detector/share/buff_detector/hook/ld_library_path_lib.ps1'
[28.135s] [34mcolcon.colcon_core.shell[0m [1;30mINFO[0m Creating environment descriptor '/home/hdm/tracker_plus_ttttt/tracker_plus/install/buff_detector/share/buff_detector/hook/ld_library_path_lib.dsv'
[28.135s] [34mcolcon.colcon_core.shell[0m [1;30mINFO[0m Creating environment hook '/home/hdm/tracker_plus_ttttt/tracker_plus/install/buff_detector/share/buff_detector/hook/ld_library_path_lib.sh'
[28.135s] [34mcolcon.colcon_core.environment[0m [1;30mLevel 1[0m checking '/home/hdm/tracker_plus_ttttt/tracker_plus/install/buff_detector/bin'
[28.135s] [34mcolcon.colcon_core.environment[0m [1;30mLevel 1[0m checking '/home/hdm/tracker_plus_ttttt/tracker_plus/install/buff_detector/lib/pkgconfig/buff_detector.pc'
[28.135s] [34mcolcon.colcon_core.environment[0m [1;30mLevel 1[0m checking '/home/hdm/tracker_plus_ttttt/tracker_plus/install/buff_detector/lib/python3.10/site-packages'
[28.135s] [34mcolcon.colcon_core.environment[0m [1;30mLevel 1[0m checking '/home/hdm/tracker_plus_ttttt/tracker_plus/install/buff_detector/bin'
[28.136s] [34mcolcon.colcon_core.shell[0m [1;30mINFO[0m Creating package script '/home/hdm/tracker_plus_ttttt/tracker_plus/install/buff_detector/share/buff_detector/package.ps1'
[28.136s] [34mcolcon.colcon_core.shell[0m [1;30mINFO[0m Creating package descriptor '/home/hdm/tracker_plus_ttttt/tracker_plus/install/buff_detector/share/buff_detector/package.dsv'
[28.136s] [34mcolcon.colcon_core.shell[0m [1;30mINFO[0m Creating package script '/home/hdm/tracker_plus_ttttt/tracker_plus/install/buff_detector/share/buff_detector/package.sh'
[28.137s] [34mcolcon.colcon_core.shell[0m [1;30mINFO[0m Creating package script '/home/hdm/tracker_plus_ttttt/tracker_plus/install/buff_detector/share/buff_detector/package.bash'
[28.137s] [34mcolcon.colcon_core.shell[0m [1;30mINFO[0m Creating package script '/home/hdm/tracker_plus_ttttt/tracker_plus/install/buff_detector/share/buff_detector/package.zsh'
[28.137s] [34mcolcon.colcon_core.environment[0m [1;30mLevel 1[0m create_file_with_runtime_dependencies(/home/hdm/tracker_plus_ttttt/tracker_plus/install/buff_detector/share/colcon-core/packages/buff_detector)
[31.122s] [34mcolcon.colcon_core.event_handler.log_command[0m [1;30mDEBUG[0m [32mInvoked command in '/home/hdm/tracker_plus_ttttt/tracker_plus/build/buff_tracker' returned '0': AMENT_PREFIX_PATH=/home/hdm/tracker_plus_ttttt/tracker_plus/install/buff_executor:/home/hdm/tracker_plus_ttttt/tracker_plus/install/buff_interfaces:${AMENT_PREFIX_PATH} CMAKE_PREFIX_PATH=/home/hdm/tracker_plus_ttttt/tracker_plus/install/buff_executor:/home/hdm/tracker_plus_ttttt/tracker_plus/install/buff_interfaces:/opt/ros/humble LD_LIBRARY_PATH=/home/hdm/tracker_plus_ttttt/tracker_plus/install/buff_executor/lib:/home/hdm/tracker_plus_ttttt/tracker_plus/install/buff_interfaces/lib:${LD_LIBRARY_PATH} PYTHONPATH=/home/hdm/tracker_plus_ttttt/tracker_plus/install/buff_interfaces/local/lib/python3.10/dist-packages:${PYTHONPATH} /usr/bin/cmake --build /home/hdm/tracker_plus_ttttt/tracker_plus/build/buff_tracker -- -j24 -l24[0m
[31.124s] [34mcolcon.colcon_core.event_handler.log_command[0m [1;30mDEBUG[0m [32mInvoking command in '/home/hdm/tracker_plus_ttttt/tracker_plus/build/buff_tracker': AMENT_PREFIX_PATH=/home/hdm/tracker_plus_ttttt/tracker_plus/install/buff_executor:/home/hdm/tracker_plus_ttttt/tracker_plus/install/buff_interfaces:${AMENT_PREFIX_PATH} CMAKE_PREFIX_PATH=/home/hdm/tracker_plus_ttttt/tracker_plus/install/buff_executor:/home/hdm/tracker_plus_ttttt/tracker_plus/install/buff_interfaces:/opt/ros/humble LD_LIBRARY_PATH=/home/hdm/tracker_plus_ttttt/tracker_plus/install/buff_executor/lib:/home/hdm/tracker_plus_ttttt/tracker_plus/install/buff_interfaces/lib:${LD_LIBRARY_PATH} PYTHONPATH=/home/hdm/tracker_plus_ttttt/tracker_plus/install/buff_interfaces/local/lib/python3.10/dist-packages:${PYTHONPATH} /usr/bin/cmake --install /home/hdm/tracker_plus_ttttt/tracker_plus/build/buff_tracker[0m
[31.333s] [34mcolcon.colcon_core.environment[0m [1;30mLevel 1[0m create_environment_scripts_only(buff_tracker)
[31.333s] [34mcolcon.colcon_core.environment[0m [1;30mLevel 1[0m checking '/home/hdm/tracker_plus_ttttt/tracker_plus/install/buff_tracker' for CMake module files
[31.334s] [34mcolcon.colcon_core.event_handler.log_command[0m [1;30mDEBUG[0m [32mInvoked command in '/home/hdm/tracker_plus_ttttt/tracker_plus/build/buff_tracker' returned '0': AMENT_PREFIX_PATH=/home/hdm/tracker_plus_ttttt/tracker_plus/install/buff_executor:/home/hdm/tracker_plus_ttttt/tracker_plus/install/buff_interfaces:${AMENT_PREFIX_PATH} CMAKE_PREFIX_PATH=/home/hdm/tracker_plus_ttttt/tracker_plus/install/buff_executor:/home/hdm/tracker_plus_ttttt/tracker_plus/install/buff_interfaces:/opt/ros/humble LD_LIBRARY_PATH=/home/hdm/tracker_plus_ttttt/tracker_plus/install/buff_executor/lib:/home/hdm/tracker_plus_ttttt/tracker_plus/install/buff_interfaces/lib:${LD_LIBRARY_PATH} PYTHONPATH=/home/hdm/tracker_plus_ttttt/tracker_plus/install/buff_interfaces/local/lib/python3.10/dist-packages:${PYTHONPATH} /usr/bin/cmake --install /home/hdm/tracker_plus_ttttt/tracker_plus/build/buff_tracker[0m
[31.334s] [34mcolcon.colcon_core.environment[0m [1;30mLevel 1[0m checking '/home/hdm/tracker_plus_ttttt/tracker_plus/install/buff_tracker' for CMake config files
[31.335s] [34mcolcon.colcon_core.shell[0m [1;30mLevel 1[0m create_environment_hook('buff_tracker', 'cmake_prefix_path')
[31.335s] [34mcolcon.colcon_core.shell[0m [1;30mINFO[0m Creating environment hook '/home/hdm/tracker_plus_ttttt/tracker_plus/install/buff_tracker/share/buff_tracker/hook/cmake_prefix_path.ps1'
[31.335s] [34mcolcon.colcon_core.shell[0m [1;30mINFO[0m Creating environment descriptor '/home/hdm/tracker_plus_ttttt/tracker_plus/install/buff_tracker/share/buff_tracker/hook/cmake_prefix_path.dsv'
[31.335s] [34mcolcon.colcon_core.shell[0m [1;30mINFO[0m Creating environment hook '/home/hdm/tracker_plus_ttttt/tracker_plus/install/buff_tracker/share/buff_tracker/hook/cmake_prefix_path.sh'
[31.336s] [34mcolcon.colcon_core.environment[0m [1;30mLevel 1[0m checking '/home/hdm/tracker_plus_ttttt/tracker_plus/install/buff_tracker/lib'
[31.336s] [34mcolcon.colcon_core.shell[0m [1;30mLevel 1[0m create_environment_hook('buff_tracker', 'ld_library_path_lib')
[31.336s] [34mcolcon.colcon_core.shell[0m [1;30mINFO[0m Creating environment hook '/home/hdm/tracker_plus_ttttt/tracker_plus/install/buff_tracker/share/buff_tracker/hook/ld_library_path_lib.ps1'
[31.336s] [34mcolcon.colcon_core.shell[0m [1;30mINFO[0m Creating environment descriptor '/home/hdm/tracker_plus_ttttt/tracker_plus/install/buff_tracker/share/buff_tracker/hook/ld_library_path_lib.dsv'
[31.337s] [34mcolcon.colcon_core.shell[0m [1;30mINFO[0m Creating environment hook '/home/hdm/tracker_plus_ttttt/tracker_plus/install/buff_tracker/share/buff_tracker/hook/ld_library_path_lib.sh'
[31.337s] [34mcolcon.colcon_core.environment[0m [1;30mLevel 1[0m checking '/home/hdm/tracker_plus_ttttt/tracker_plus/install/buff_tracker/bin'
[31.337s] [34mcolcon.colcon_core.environment[0m [1;30mLevel 1[0m checking '/home/hdm/tracker_plus_ttttt/tracker_plus/install/buff_tracker/lib/pkgconfig/buff_tracker.pc'
[31.337s] [34mcolcon.colcon_core.environment[0m [1;30mLevel 1[0m checking '/home/hdm/tracker_plus_ttttt/tracker_plus/install/buff_tracker/lib/python3.10/site-packages'
[31.337s] [34mcolcon.colcon_core.environment[0m [1;30mLevel 1[0m checking '/home/hdm/tracker_plus_ttttt/tracker_plus/install/buff_tracker/bin'
[31.337s] [34mcolcon.colcon_core.shell[0m [1;30mINFO[0m Creating package script '/home/hdm/tracker_plus_ttttt/tracker_plus/install/buff_tracker/share/buff_tracker/package.ps1'
[31.338s] [34mcolcon.colcon_core.shell[0m [1;30mINFO[0m Creating package descriptor '/home/hdm/tracker_plus_ttttt/tracker_plus/install/buff_tracker/share/buff_tracker/package.dsv'
[31.338s] [34mcolcon.colcon_core.shell[0m [1;30mINFO[0m Creating package script '/home/hdm/tracker_plus_ttttt/tracker_plus/install/buff_tracker/share/buff_tracker/package.sh'
[31.338s] [34mcolcon.colcon_core.shell[0m [1;30mINFO[0m Creating package script '/home/hdm/tracker_plus_ttttt/tracker_plus/install/buff_tracker/share/buff_tracker/package.bash'
[31.338s] [34mcolcon.colcon_core.shell[0m [1;30mINFO[0m Creating package script '/home/hdm/tracker_plus_ttttt/tracker_plus/install/buff_tracker/share/buff_tracker/package.zsh'
[31.339s] [34mcolcon.colcon_core.environment[0m [1;30mLevel 1[0m create_file_with_runtime_dependencies(/home/hdm/tracker_plus_ttttt/tracker_plus/install/buff_tracker/share/colcon-core/packages/buff_tracker)
[31.339s] [34mcolcon.colcon_core.environment[0m [1;30mLevel 1[0m create_environment_scripts_only(buff_tracker)
[31.339s] [34mcolcon.colcon_core.environment[0m [1;30mLevel 1[0m checking '/home/hdm/tracker_plus_ttttt/tracker_plus/install/buff_tracker' for CMake module files
[31.340s] [34mcolcon.colcon_core.environment[0m [1;30mLevel 1[0m checking '/home/hdm/tracker_plus_ttttt/tracker_plus/install/buff_tracker' for CMake config files
[31.340s] [34mcolcon.colcon_core.shell[0m [1;30mLevel 1[0m create_environment_hook('buff_tracker', 'cmake_prefix_path')
[31.340s] [34mcolcon.colcon_core.shell[0m [1;30mINFO[0m Creating environment hook '/home/hdm/tracker_plus_ttttt/tracker_plus/install/buff_tracker/share/buff_tracker/hook/cmake_prefix_path.ps1'
[31.340s] [34mcolcon.colcon_core.shell[0m [1;30mINFO[0m Creating environment descriptor '/home/hdm/tracker_plus_ttttt/tracker_plus/install/buff_tracker/share/buff_tracker/hook/cmake_prefix_path.dsv'
[31.340s] [34mcolcon.colcon_core.shell[0m [1;30mINFO[0m Creating environment hook '/home/hdm/tracker_plus_ttttt/tracker_plus/install/buff_tracker/share/buff_tracker/hook/cmake_prefix_path.sh'
[31.341s] [34mcolcon.colcon_core.environment[0m [1;30mLevel 1[0m checking '/home/hdm/tracker_plus_ttttt/tracker_plus/install/buff_tracker/lib'
[31.341s] [34mcolcon.colcon_core.shell[0m [1;30mLevel 1[0m create_environment_hook('buff_tracker', 'ld_library_path_lib')
[31.341s] [34mcolcon.colcon_core.shell[0m [1;30mINFO[0m Creating environment hook '/home/hdm/tracker_plus_ttttt/tracker_plus/install/buff_tracker/share/buff_tracker/hook/ld_library_path_lib.ps1'
[31.341s] [34mcolcon.colcon_core.shell[0m [1;30mINFO[0m Creating environment descriptor '/home/hdm/tracker_plus_ttttt/tracker_plus/install/buff_tracker/share/buff_tracker/hook/ld_library_path_lib.dsv'
[31.341s] [34mcolcon.colcon_core.shell[0m [1;30mINFO[0m Creating environment hook '/home/hdm/tracker_plus_ttttt/tracker_plus/install/buff_tracker/share/buff_tracker/hook/ld_library_path_lib.sh'
[31.342s] [34mcolcon.colcon_core.environment[0m [1;30mLevel 1[0m checking '/home/hdm/tracker_plus_ttttt/tracker_plus/install/buff_tracker/bin'
[31.342s] [34mcolcon.colcon_core.environment[0m [1;30mLevel 1[0m checking '/home/hdm/tracker_plus_ttttt/tracker_plus/install/buff_tracker/lib/pkgconfig/buff_tracker.pc'
[31.342s] [34mcolcon.colcon_core.environment[0m [1;30mLevel 1[0m checking '/home/hdm/tracker_plus_ttttt/tracker_plus/install/buff_tracker/lib/python3.10/site-packages'
[31.342s] [34mcolcon.colcon_core.environment[0m [1;30mLevel 1[0m checking '/home/hdm/tracker_plus_ttttt/tracker_plus/install/buff_tracker/bin'
[31.342s] [34mcolcon.colcon_core.shell[0m [1;30mINFO[0m Creating package script '/home/hdm/tracker_plus_ttttt/tracker_plus/install/buff_tracker/share/buff_tracker/package.ps1'
[31.343s] [34mcolcon.colcon_core.shell[0m [1;30mINFO[0m Creating package descriptor '/home/hdm/tracker_plus_ttttt/tracker_plus/install/buff_tracker/share/buff_tracker/package.dsv'
[31.343s] [34mcolcon.colcon_core.shell[0m [1;30mINFO[0m Creating package script '/home/hdm/tracker_plus_ttttt/tracker_plus/install/buff_tracker/share/buff_tracker/package.sh'
[31.343s] [34mcolcon.colcon_core.shell[0m [1;30mINFO[0m Creating package script '/home/hdm/tracker_plus_ttttt/tracker_plus/install/buff_tracker/share/buff_tracker/package.bash'
[31.343s] [34mcolcon.colcon_core.shell[0m [1;30mINFO[0m Creating package script '/home/hdm/tracker_plus_ttttt/tracker_plus/install/buff_tracker/share/buff_tracker/package.zsh'
[31.344s] [34mcolcon.colcon_core.environment[0m [1;30mLevel 1[0m create_file_with_runtime_dependencies(/home/hdm/tracker_plus_ttttt/tracker_plus/install/buff_tracker/share/colcon-core/packages/buff_tracker)
[31.344s] [34mcolcon.colcon_ros.task.ament_cmake.build[0m [1;30mINFO[0m Building ROS package in '/home/hdm/tracker_plus_ttttt/tracker_plus/src/rm_buff/rm_buff' with build type 'ament_cmake'
[31.344s] [34mcolcon.colcon_cmake.task.cmake.build[0m [1;30mINFO[0m Building CMake package in '/home/hdm/tracker_plus_ttttt/tracker_plus/src/rm_buff/rm_buff'
[31.344s] [34mcolcon.colcon_core.shell[0m [1;30mINFO[0m Skip shell extension 'powershell' for command environment: Not usable outside of PowerShell
[31.344s] [34mcolcon.colcon_core.shell[0m [1;30mDEBUG[0m [32mSkip shell extension 'dsv' for command environment[0m
[31.361s] [34mcolcon.colcon_core.event_handler.log_command[0m [1;30mDEBUG[0m [32mInvoking command in '/home/hdm/tracker_plus_ttttt/tracker_plus/build/rm_buff': AMENT_PREFIX_PATH=/home/hdm/tracker_plus_ttttt/tracker_plus/install/buff_tracker:/home/hdm/tracker_plus_ttttt/tracker_plus/install/buff_executor:/home/hdm/tracker_plus_ttttt/tracker_plus/install/buff_detector:/home/hdm/tracker_plus_ttttt/tracker_plus/install/buff_interfaces:${AMENT_PREFIX_PATH} CMAKE_PREFIX_PATH=/home/hdm/tracker_plus_ttttt/tracker_plus/install/buff_tracker:/home/hdm/tracker_plus_ttttt/tracker_plus/install/buff_executor:/home/hdm/tracker_plus_ttttt/tracker_plus/install/buff_detector:/home/hdm/tracker_plus_ttttt/tracker_plus/install/buff_interfaces:/opt/ros/humble LD_LIBRARY_PATH=/home/hdm/tracker_plus_ttttt/tracker_plus/install/buff_tracker/lib:/home/hdm/tracker_plus_ttttt/tracker_plus/install/buff_executor/lib:/home/hdm/tracker_plus_ttttt/tracker_plus/install/buff_detector/lib:/home/hdm/tracker_plus_ttttt/tracker_plus/install/buff_interfaces/lib:${LD_LIBRARY_PATH} PYTHONPATH=/home/hdm/tracker_plus_ttttt/tracker_plus/install/buff_interfaces/local/lib/python3.10/dist-packages:${PYTHONPATH} /usr/bin/cmake /home/hdm/tracker_plus_ttttt/tracker_plus/src/rm_buff/rm_buff -DAMENT_CMAKE_SYMLINK_INSTALL=1 -DCMAKE_INSTALL_PREFIX=/home/hdm/tracker_plus_ttttt/tracker_plus/install/rm_buff[0m
[31.924s] [34mcolcon.colcon_core.event_handler.log_command[0m [1;30mDEBUG[0m [32mInvoked command in '/home/hdm/tracker_plus_ttttt/tracker_plus/build/rm_buff' returned '0': AMENT_PREFIX_PATH=/home/hdm/tracker_plus_ttttt/tracker_plus/install/buff_tracker:/home/hdm/tracker_plus_ttttt/tracker_plus/install/buff_executor:/home/hdm/tracker_plus_ttttt/tracker_plus/install/buff_detector:/home/hdm/tracker_plus_ttttt/tracker_plus/install/buff_interfaces:${AMENT_PREFIX_PATH} CMAKE_PREFIX_PATH=/home/hdm/tracker_plus_ttttt/tracker_plus/install/buff_tracker:/home/hdm/tracker_plus_ttttt/tracker_plus/install/buff_executor:/home/hdm/tracker_plus_ttttt/tracker_plus/install/buff_detector:/home/hdm/tracker_plus_ttttt/tracker_plus/install/buff_interfaces:/opt/ros/humble LD_LIBRARY_PATH=/home/hdm/tracker_plus_ttttt/tracker_plus/install/buff_tracker/lib:/home/hdm/tracker_plus_ttttt/tracker_plus/install/buff_executor/lib:/home/hdm/tracker_plus_ttttt/tracker_plus/install/buff_detector/lib:/home/hdm/tracker_plus_ttttt/tracker_plus/install/buff_interfaces/lib:${LD_LIBRARY_PATH} PYTHONPATH=/home/hdm/tracker_plus_ttttt/tracker_plus/install/buff_interfaces/local/lib/python3.10/dist-packages:${PYTHONPATH} /usr/bin/cmake /home/hdm/tracker_plus_ttttt/tracker_plus/src/rm_buff/rm_buff -DAMENT_CMAKE_SYMLINK_INSTALL=1 -DCMAKE_INSTALL_PREFIX=/home/hdm/tracker_plus_ttttt/tracker_plus/install/rm_buff[0m
[31.925s] [34mcolcon.colcon_core.event_handler.log_command[0m [1;30mDEBUG[0m [32mInvoking command in '/home/hdm/tracker_plus_ttttt/tracker_plus/build/rm_buff': AMENT_PREFIX_PATH=/home/hdm/tracker_plus_ttttt/tracker_plus/install/buff_tracker:/home/hdm/tracker_plus_ttttt/tracker_plus/install/buff_executor:/home/hdm/tracker_plus_ttttt/tracker_plus/install/buff_detector:/home/hdm/tracker_plus_ttttt/tracker_plus/install/buff_interfaces:${AMENT_PREFIX_PATH} CMAKE_PREFIX_PATH=/home/hdm/tracker_plus_ttttt/tracker_plus/install/buff_tracker:/home/hdm/tracker_plus_ttttt/tracker_plus/install/buff_executor:/home/hdm/tracker_plus_ttttt/tracker_plus/install/buff_detector:/home/hdm/tracker_plus_ttttt/tracker_plus/install/buff_interfaces:/opt/ros/humble LD_LIBRARY_PATH=/home/hdm/tracker_plus_ttttt/tracker_plus/install/buff_tracker/lib:/home/hdm/tracker_plus_ttttt/tracker_plus/install/buff_executor/lib:/home/hdm/tracker_plus_ttttt/tracker_plus/install/buff_detector/lib:/home/hdm/tracker_plus_ttttt/tracker_plus/install/buff_interfaces/lib:${LD_LIBRARY_PATH} PYTHONPATH=/home/hdm/tracker_plus_ttttt/tracker_plus/install/buff_interfaces/local/lib/python3.10/dist-packages:${PYTHONPATH} /usr/bin/cmake --build /home/hdm/tracker_plus_ttttt/tracker_plus/build/rm_buff -- -j24 -l24[0m
[31.964s] [34mcolcon.colcon_core.event_handler.log_command[0m [1;30mDEBUG[0m [32mInvoked command in '/home/hdm/tracker_plus_ttttt/tracker_plus/build/rm_buff' returned '0': AMENT_PREFIX_PATH=/home/hdm/tracker_plus_ttttt/tracker_plus/install/buff_tracker:/home/hdm/tracker_plus_ttttt/tracker_plus/install/buff_executor:/home/hdm/tracker_plus_ttttt/tracker_plus/install/buff_detector:/home/hdm/tracker_plus_ttttt/tracker_plus/install/buff_interfaces:${AMENT_PREFIX_PATH} CMAKE_PREFIX_PATH=/home/hdm/tracker_plus_ttttt/tracker_plus/install/buff_tracker:/home/hdm/tracker_plus_ttttt/tracker_plus/install/buff_executor:/home/hdm/tracker_plus_ttttt/tracker_plus/install/buff_detector:/home/hdm/tracker_plus_ttttt/tracker_plus/install/buff_interfaces:/opt/ros/humble LD_LIBRARY_PATH=/home/hdm/tracker_plus_ttttt/tracker_plus/install/buff_tracker/lib:/home/hdm/tracker_plus_ttttt/tracker_plus/install/buff_executor/lib:/home/hdm/tracker_plus_ttttt/tracker_plus/install/buff_detector/lib:/home/hdm/tracker_plus_ttttt/tracker_plus/install/buff_interfaces/lib:${LD_LIBRARY_PATH} PYTHONPATH=/home/hdm/tracker_plus_ttttt/tracker_plus/install/buff_interfaces/local/lib/python3.10/dist-packages:${PYTHONPATH} /usr/bin/cmake --build /home/hdm/tracker_plus_ttttt/tracker_plus/build/rm_buff -- -j24 -l24[0m
[31.965s] [34mcolcon.colcon_core.event_handler.log_command[0m [1;30mDEBUG[0m [32mInvoking command in '/home/hdm/tracker_plus_ttttt/tracker_plus/build/rm_buff': AMENT_PREFIX_PATH=/home/hdm/tracker_plus_ttttt/tracker_plus/install/buff_tracker:/home/hdm/tracker_plus_ttttt/tracker_plus/install/buff_executor:/home/hdm/tracker_plus_ttttt/tracker_plus/install/buff_detector:/home/hdm/tracker_plus_ttttt/tracker_plus/install/buff_interfaces:${AMENT_PREFIX_PATH} CMAKE_PREFIX_PATH=/home/hdm/tracker_plus_ttttt/tracker_plus/install/buff_tracker:/home/hdm/tracker_plus_ttttt/tracker_plus/install/buff_executor:/home/hdm/tracker_plus_ttttt/tracker_plus/install/buff_detector:/home/hdm/tracker_plus_ttttt/tracker_plus/install/buff_interfaces:/opt/ros/humble LD_LIBRARY_PATH=/home/hdm/tracker_plus_ttttt/tracker_plus/install/buff_tracker/lib:/home/hdm/tracker_plus_ttttt/tracker_plus/install/buff_executor/lib:/home/hdm/tracker_plus_ttttt/tracker_plus/install/buff_detector/lib:/home/hdm/tracker_plus_ttttt/tracker_plus/install/buff_interfaces/lib:${LD_LIBRARY_PATH} PYTHONPATH=/home/hdm/tracker_plus_ttttt/tracker_plus/install/buff_interfaces/local/lib/python3.10/dist-packages:${PYTHONPATH} /usr/bin/cmake --install /home/hdm/tracker_plus_ttttt/tracker_plus/build/rm_buff[0m
[32.084s] [34mcolcon.colcon_core.environment[0m [1;30mLevel 1[0m create_environment_scripts_only(rm_buff)
[32.084s] [34mcolcon.colcon_core.environment[0m [1;30mLevel 1[0m checking '/home/hdm/tracker_plus_ttttt/tracker_plus/install/rm_buff' for CMake module files
[32.085s] [34mcolcon.colcon_core.event_handler.log_command[0m [1;30mDEBUG[0m [32mInvoked command in '/home/hdm/tracker_plus_ttttt/tracker_plus/build/rm_buff' returned '0': AMENT_PREFIX_PATH=/home/hdm/tracker_plus_ttttt/tracker_plus/install/buff_tracker:/home/hdm/tracker_plus_ttttt/tracker_plus/install/buff_executor:/home/hdm/tracker_plus_ttttt/tracker_plus/install/buff_detector:/home/hdm/tracker_plus_ttttt/tracker_plus/install/buff_interfaces:${AMENT_PREFIX_PATH} CMAKE_PREFIX_PATH=/home/hdm/tracker_plus_ttttt/tracker_plus/install/buff_tracker:/home/hdm/tracker_plus_ttttt/tracker_plus/install/buff_executor:/home/hdm/tracker_plus_ttttt/tracker_plus/install/buff_detector:/home/hdm/tracker_plus_ttttt/tracker_plus/install/buff_interfaces:/opt/ros/humble LD_LIBRARY_PATH=/home/hdm/tracker_plus_ttttt/tracker_plus/install/buff_tracker/lib:/home/hdm/tracker_plus_ttttt/tracker_plus/install/buff_executor/lib:/home/hdm/tracker_plus_ttttt/tracker_plus/install/buff_detector/lib:/home/hdm/tracker_plus_ttttt/tracker_plus/install/buff_interfaces/lib:${LD_LIBRARY_PATH} PYTHONPATH=/home/hdm/tracker_plus_ttttt/tracker_plus/install/buff_interfaces/local/lib/python3.10/dist-packages:${PYTHONPATH} /usr/bin/cmake --install /home/hdm/tracker_plus_ttttt/tracker_plus/build/rm_buff[0m
[32.085s] [34mcolcon.colcon_core.environment[0m [1;30mLevel 1[0m checking '/home/hdm/tracker_plus_ttttt/tracker_plus/install/rm_buff' for CMake config files
[32.085s] [34mcolcon.colcon_core.shell[0m [1;30mLevel 1[0m create_environment_hook('rm_buff', 'cmake_prefix_path')
[32.085s] [34mcolcon.colcon_core.shell[0m [1;30mINFO[0m Creating environment hook '/home/hdm/tracker_plus_ttttt/tracker_plus/install/rm_buff/share/rm_buff/hook/cmake_prefix_path.ps1'
[32.086s] [34mcolcon.colcon_core.shell[0m [1;30mINFO[0m Creating environment descriptor '/home/hdm/tracker_plus_ttttt/tracker_plus/install/rm_buff/share/rm_buff/hook/cmake_prefix_path.dsv'
[32.086s] [34mcolcon.colcon_core.shell[0m [1;30mINFO[0m Creating environment hook '/home/hdm/tracker_plus_ttttt/tracker_plus/install/rm_buff/share/rm_buff/hook/cmake_prefix_path.sh'
[32.086s] [34mcolcon.colcon_core.environment[0m [1;30mLevel 1[0m checking '/home/hdm/tracker_plus_ttttt/tracker_plus/install/rm_buff/bin'
[32.086s] [34mcolcon.colcon_core.environment[0m [1;30mLevel 1[0m checking '/home/hdm/tracker_plus_ttttt/tracker_plus/install/rm_buff/lib/pkgconfig/rm_buff.pc'
[32.087s] [34mcolcon.colcon_core.environment[0m [1;30mLevel 1[0m checking '/home/hdm/tracker_plus_ttttt/tracker_plus/install/rm_buff/lib/python3.10/site-packages'
[32.087s] [34mcolcon.colcon_core.environment[0m [1;30mLevel 1[0m checking '/home/hdm/tracker_plus_ttttt/tracker_plus/install/rm_buff/bin'
[32.087s] [34mcolcon.colcon_core.shell[0m [1;30mINFO[0m Creating package script '/home/hdm/tracker_plus_ttttt/tracker_plus/install/rm_buff/share/rm_buff/package.ps1'
[32.087s] [34mcolcon.colcon_core.shell[0m [1;30mINFO[0m Creating package descriptor '/home/hdm/tracker_plus_ttttt/tracker_plus/install/rm_buff/share/rm_buff/package.dsv'
[32.088s] [34mcolcon.colcon_core.shell[0m [1;30mINFO[0m Creating package script '/home/hdm/tracker_plus_ttttt/tracker_plus/install/rm_buff/share/rm_buff/package.sh'
[32.088s] [34mcolcon.colcon_core.shell[0m [1;30mINFO[0m Creating package script '/home/hdm/tracker_plus_ttttt/tracker_plus/install/rm_buff/share/rm_buff/package.bash'
[32.088s] [34mcolcon.colcon_core.shell[0m [1;30mINFO[0m Creating package script '/home/hdm/tracker_plus_ttttt/tracker_plus/install/rm_buff/share/rm_buff/package.zsh'
[32.088s] [34mcolcon.colcon_core.environment[0m [1;30mLevel 1[0m create_file_with_runtime_dependencies(/home/hdm/tracker_plus_ttttt/tracker_plus/install/rm_buff/share/colcon-core/packages/rm_buff)
[32.089s] [34mcolcon.colcon_core.environment[0m [1;30mLevel 1[0m create_environment_scripts_only(rm_buff)
[32.089s] [34mcolcon.colcon_core.environment[0m [1;30mLevel 1[0m checking '/home/hdm/tracker_plus_ttttt/tracker_plus/install/rm_buff' for CMake module files
[32.089s] [34mcolcon.colcon_core.environment[0m [1;30mLevel 1[0m checking '/home/hdm/tracker_plus_ttttt/tracker_plus/install/rm_buff' for CMake config files
[32.089s] [34mcolcon.colcon_core.shell[0m [1;30mLevel 1[0m create_environment_hook('rm_buff', 'cmake_prefix_path')
[32.089s] [34mcolcon.colcon_core.shell[0m [1;30mINFO[0m Creating environment hook '/home/hdm/tracker_plus_ttttt/tracker_plus/install/rm_buff/share/rm_buff/hook/cmake_prefix_path.ps1'
[32.090s] [34mcolcon.colcon_core.shell[0m [1;30mINFO[0m Creating environment descriptor '/home/hdm/tracker_plus_ttttt/tracker_plus/install/rm_buff/share/rm_buff/hook/cmake_prefix_path.dsv'
[32.090s] [34mcolcon.colcon_core.shell[0m [1;30mINFO[0m Creating environment hook '/home/hdm/tracker_plus_ttttt/tracker_plus/install/rm_buff/share/rm_buff/hook/cmake_prefix_path.sh'
[32.090s] [34mcolcon.colcon_core.environment[0m [1;30mLevel 1[0m checking '/home/hdm/tracker_plus_ttttt/tracker_plus/install/rm_buff/bin'
[32.090s] [34mcolcon.colcon_core.environment[0m [1;30mLevel 1[0m checking '/home/hdm/tracker_plus_ttttt/tracker_plus/install/rm_buff/lib/pkgconfig/rm_buff.pc'
[32.090s] [34mcolcon.colcon_core.environment[0m [1;30mLevel 1[0m checking '/home/hdm/tracker_plus_ttttt/tracker_plus/install/rm_buff/lib/python3.10/site-packages'
[32.090s] [34mcolcon.colcon_core.environment[0m [1;30mLevel 1[0m checking '/home/hdm/tracker_plus_ttttt/tracker_plus/install/rm_buff/bin'
[32.091s] [34mcolcon.colcon_core.shell[0m [1;30mINFO[0m Creating package script '/home/hdm/tracker_plus_ttttt/tracker_plus/install/rm_buff/share/rm_buff/package.ps1'
[32.091s] [34mcolcon.colcon_core.shell[0m [1;30mINFO[0m Creating package descriptor '/home/hdm/tracker_plus_ttttt/tracker_plus/install/rm_buff/share/rm_buff/package.dsv'
[32.091s] [34mcolcon.colcon_core.shell[0m [1;30mINFO[0m Creating package script '/home/hdm/tracker_plus_ttttt/tracker_plus/install/rm_buff/share/rm_buff/package.sh'
[32.092s] [34mcolcon.colcon_core.shell[0m [1;30mINFO[0m Creating package script '/home/hdm/tracker_plus_ttttt/tracker_plus/install/rm_buff/share/rm_buff/package.bash'
[32.092s] [34mcolcon.colcon_core.shell[0m [1;30mINFO[0m Creating package script '/home/hdm/tracker_plus_ttttt/tracker_plus/install/rm_buff/share/rm_buff/package.zsh'
[32.092s] [34mcolcon.colcon_core.environment[0m [1;30mLevel 1[0m create_file_with_runtime_dependencies(/home/hdm/tracker_plus_ttttt/tracker_plus/install/rm_buff/share/colcon-core/packages/rm_buff)
[36.680s] [34mcolcon.colcon_core.event_handler.log_command[0m [1;30mDEBUG[0m [32mInvoked command in '/home/hdm/tracker_plus_ttttt/tracker_plus/build/armor_detector' returned '0': AMENT_PREFIX_PATH=/home/hdm/tracker_plus_ttttt/tracker_plus/install/auto_aim_interfaces:${AMENT_PREFIX_PATH} CMAKE_PREFIX_PATH=/home/hdm/tracker_plus_ttttt/tracker_plus/install/auto_aim_interfaces:/opt/ros/humble LD_LIBRARY_PATH=/home/hdm/tracker_plus_ttttt/tracker_plus/install/auto_aim_interfaces/lib:${LD_LIBRARY_PATH} PYTHONPATH=/home/hdm/tracker_plus_ttttt/tracker_plus/install/auto_aim_interfaces/local/lib/python3.10/dist-packages:${PYTHONPATH} /usr/bin/cmake --build /home/hdm/tracker_plus_ttttt/tracker_plus/build/armor_detector -- -j24 -l24[0m
[36.680s] [34mcolcon.colcon_core.event_handler.log_command[0m [1;30mDEBUG[0m [32mInvoking command in '/home/hdm/tracker_plus_ttttt/tracker_plus/build/armor_detector': AMENT_PREFIX_PATH=/home/hdm/tracker_plus_ttttt/tracker_plus/install/auto_aim_interfaces:${AMENT_PREFIX_PATH} CMAKE_PREFIX_PATH=/home/hdm/tracker_plus_ttttt/tracker_plus/install/auto_aim_interfaces:/opt/ros/humble LD_LIBRARY_PATH=/home/hdm/tracker_plus_ttttt/tracker_plus/install/auto_aim_interfaces/lib:${LD_LIBRARY_PATH} PYTHONPATH=/home/hdm/tracker_plus_ttttt/tracker_plus/install/auto_aim_interfaces/local/lib/python3.10/dist-packages:${PYTHONPATH} /usr/bin/cmake --install /home/hdm/tracker_plus_ttttt/tracker_plus/build/armor_detector[0m
[36.790s] [34mcolcon.colcon_core.event_handler.log_command[0m [1;30mDEBUG[0m [32mInvoked command in '/home/hdm/tracker_plus_ttttt/tracker_plus/build/rm_serial_driver' returned '0': AMENT_PREFIX_PATH=/home/hdm/tracker_plus_ttttt/tracker_plus/install/buff_interfaces:/home/hdm/tracker_plus_ttttt/tracker_plus/install/auto_aim_interfaces:${AMENT_PREFIX_PATH} CMAKE_PREFIX_PATH=/home/hdm/tracker_plus_ttttt/tracker_plus/install/buff_interfaces:/home/hdm/tracker_plus_ttttt/tracker_plus/install/auto_aim_interfaces:/opt/ros/humble LD_LIBRARY_PATH=/home/hdm/tracker_plus_ttttt/tracker_plus/install/buff_interfaces/lib:/home/hdm/tracker_plus_ttttt/tracker_plus/install/auto_aim_interfaces/lib:${LD_LIBRARY_PATH} PYTHONPATH=/home/hdm/tracker_plus_ttttt/tracker_plus/install/buff_interfaces/local/lib/python3.10/dist-packages:/home/hdm/tracker_plus_ttttt/tracker_plus/install/auto_aim_interfaces/local/lib/python3.10/dist-packages:${PYTHONPATH} /usr/bin/cmake --build /home/hdm/tracker_plus_ttttt/tracker_plus/build/rm_serial_driver -- -j24 -l24[0m
[36.792s] [34mcolcon.colcon_core.event_handler.log_command[0m [1;30mDEBUG[0m [32mInvoking command in '/home/hdm/tracker_plus_ttttt/tracker_plus/build/rm_serial_driver': AMENT_PREFIX_PATH=/home/hdm/tracker_plus_ttttt/tracker_plus/install/buff_interfaces:/home/hdm/tracker_plus_ttttt/tracker_plus/install/auto_aim_interfaces:${AMENT_PREFIX_PATH} CMAKE_PREFIX_PATH=/home/hdm/tracker_plus_ttttt/tracker_plus/install/buff_interfaces:/home/hdm/tracker_plus_ttttt/tracker_plus/install/auto_aim_interfaces:/opt/ros/humble LD_LIBRARY_PATH=/home/hdm/tracker_plus_ttttt/tracker_plus/install/buff_interfaces/lib:/home/hdm/tracker_plus_ttttt/tracker_plus/install/auto_aim_interfaces/lib:${LD_LIBRARY_PATH} PYTHONPATH=/home/hdm/tracker_plus_ttttt/tracker_plus/install/buff_interfaces/local/lib/python3.10/dist-packages:/home/hdm/tracker_plus_ttttt/tracker_plus/install/auto_aim_interfaces/local/lib/python3.10/dist-packages:${PYTHONPATH} /usr/bin/cmake --install /home/hdm/tracker_plus_ttttt/tracker_plus/build/rm_serial_driver[0m
[36.896s] [34mcolcon.colcon_core.environment[0m [1;30mLevel 1[0m create_environment_scripts_only(armor_detector)
[36.896s] [34mcolcon.colcon_core.environment[0m [1;30mLevel 1[0m checking '/home/hdm/tracker_plus_ttttt/tracker_plus/install/armor_detector' for CMake module files
[36.897s] [34mcolcon.colcon_core.event_handler.log_command[0m [1;30mDEBUG[0m [32mInvoked command in '/home/hdm/tracker_plus_ttttt/tracker_plus/build/armor_detector' returned '0': AMENT_PREFIX_PATH=/home/hdm/tracker_plus_ttttt/tracker_plus/install/auto_aim_interfaces:${AMENT_PREFIX_PATH} CMAKE_PREFIX_PATH=/home/hdm/tracker_plus_ttttt/tracker_plus/install/auto_aim_interfaces:/opt/ros/humble LD_LIBRARY_PATH=/home/hdm/tracker_plus_ttttt/tracker_plus/install/auto_aim_interfaces/lib:${LD_LIBRARY_PATH} PYTHONPATH=/home/hdm/tracker_plus_ttttt/tracker_plus/install/auto_aim_interfaces/local/lib/python3.10/dist-packages:${PYTHONPATH} /usr/bin/cmake --install /home/hdm/tracker_plus_ttttt/tracker_plus/build/armor_detector[0m
[36.898s] [34mcolcon.colcon_core.environment[0m [1;30mLevel 1[0m checking '/home/hdm/tracker_plus_ttttt/tracker_plus/install/armor_detector' for CMake config files
[36.898s] [34mcolcon.colcon_core.shell[0m [1;30mLevel 1[0m create_environment_hook('armor_detector', 'cmake_prefix_path')
[36.898s] [34mcolcon.colcon_core.shell[0m [1;30mINFO[0m Creating environment hook '/home/hdm/tracker_plus_ttttt/tracker_plus/install/armor_detector/share/armor_detector/hook/cmake_prefix_path.ps1'
[36.898s] [34mcolcon.colcon_core.shell[0m [1;30mINFO[0m Creating environment descriptor '/home/hdm/tracker_plus_ttttt/tracker_plus/install/armor_detector/share/armor_detector/hook/cmake_prefix_path.dsv'
[36.899s] [34mcolcon.colcon_core.shell[0m [1;30mINFO[0m Creating environment hook '/home/hdm/tracker_plus_ttttt/tracker_plus/install/armor_detector/share/armor_detector/hook/cmake_prefix_path.sh'
[36.899s] [34mcolcon.colcon_core.environment[0m [1;30mLevel 1[0m checking '/home/hdm/tracker_plus_ttttt/tracker_plus/install/armor_detector/lib'
[36.899s] [34mcolcon.colcon_core.shell[0m [1;30mLevel 1[0m create_environment_hook('armor_detector', 'ld_library_path_lib')
[36.899s] [34mcolcon.colcon_core.shell[0m [1;30mINFO[0m Creating environment hook '/home/hdm/tracker_plus_ttttt/tracker_plus/install/armor_detector/share/armor_detector/hook/ld_library_path_lib.ps1'
[36.899s] [34mcolcon.colcon_core.shell[0m [1;30mINFO[0m Creating environment descriptor '/home/hdm/tracker_plus_ttttt/tracker_plus/install/armor_detector/share/armor_detector/hook/ld_library_path_lib.dsv'
[36.899s] [34mcolcon.colcon_core.shell[0m [1;30mINFO[0m Creating environment hook '/home/hdm/tracker_plus_ttttt/tracker_plus/install/armor_detector/share/armor_detector/hook/ld_library_path_lib.sh'
[36.900s] [34mcolcon.colcon_core.environment[0m [1;30mLevel 1[0m checking '/home/hdm/tracker_plus_ttttt/tracker_plus/install/armor_detector/bin'
[36.900s] [34mcolcon.colcon_core.environment[0m [1;30mLevel 1[0m checking '/home/hdm/tracker_plus_ttttt/tracker_plus/install/armor_detector/lib/pkgconfig/armor_detector.pc'
[36.900s] [34mcolcon.colcon_core.environment[0m [1;30mLevel 1[0m checking '/home/hdm/tracker_plus_ttttt/tracker_plus/install/armor_detector/lib/python3.10/site-packages'
[36.900s] [34mcolcon.colcon_core.environment[0m [1;30mLevel 1[0m checking '/home/hdm/tracker_plus_ttttt/tracker_plus/install/armor_detector/bin'
[36.900s] [34mcolcon.colcon_core.shell[0m [1;30mINFO[0m Creating package script '/home/hdm/tracker_plus_ttttt/tracker_plus/install/armor_detector/share/armor_detector/package.ps1'
[36.900s] [34mcolcon.colcon_core.shell[0m [1;30mINFO[0m Creating package descriptor '/home/hdm/tracker_plus_ttttt/tracker_plus/install/armor_detector/share/armor_detector/package.dsv'
[36.901s] [34mcolcon.colcon_core.shell[0m [1;30mINFO[0m Creating package script '/home/hdm/tracker_plus_ttttt/tracker_plus/install/armor_detector/share/armor_detector/package.sh'
[36.901s] [34mcolcon.colcon_core.shell[0m [1;30mINFO[0m Creating package script '/home/hdm/tracker_plus_ttttt/tracker_plus/install/armor_detector/share/armor_detector/package.bash'
[36.901s] [34mcolcon.colcon_core.shell[0m [1;30mINFO[0m Creating package script '/home/hdm/tracker_plus_ttttt/tracker_plus/install/armor_detector/share/armor_detector/package.zsh'
[36.901s] [34mcolcon.colcon_core.environment[0m [1;30mLevel 1[0m create_file_with_runtime_dependencies(/home/hdm/tracker_plus_ttttt/tracker_plus/install/armor_detector/share/colcon-core/packages/armor_detector)
[36.902s] [34mcolcon.colcon_core.environment[0m [1;30mLevel 1[0m create_environment_scripts_only(armor_detector)
[36.902s] [34mcolcon.colcon_core.environment[0m [1;30mLevel 1[0m checking '/home/hdm/tracker_plus_ttttt/tracker_plus/install/armor_detector' for CMake module files
[36.902s] [34mcolcon.colcon_core.environment[0m [1;30mLevel 1[0m checking '/home/hdm/tracker_plus_ttttt/tracker_plus/install/armor_detector' for CMake config files
[36.903s] [34mcolcon.colcon_core.shell[0m [1;30mLevel 1[0m create_environment_hook('armor_detector', 'cmake_prefix_path')
[36.903s] [34mcolcon.colcon_core.shell[0m [1;30mINFO[0m Creating environment hook '/home/hdm/tracker_plus_ttttt/tracker_plus/install/armor_detector/share/armor_detector/hook/cmake_prefix_path.ps1'
[36.903s] [34mcolcon.colcon_core.shell[0m [1;30mINFO[0m Creating environment descriptor '/home/hdm/tracker_plus_ttttt/tracker_plus/install/armor_detector/share/armor_detector/hook/cmake_prefix_path.dsv'
[36.903s] [34mcolcon.colcon_core.shell[0m [1;30mINFO[0m Creating environment hook '/home/hdm/tracker_plus_ttttt/tracker_plus/install/armor_detector/share/armor_detector/hook/cmake_prefix_path.sh'
[36.904s] [34mcolcon.colcon_core.environment[0m [1;30mLevel 1[0m checking '/home/hdm/tracker_plus_ttttt/tracker_plus/install/armor_detector/lib'
[36.904s] [34mcolcon.colcon_core.shell[0m [1;30mLevel 1[0m create_environment_hook('armor_detector', 'ld_library_path_lib')
[36.904s] [34mcolcon.colcon_core.shell[0m [1;30mINFO[0m Creating environment hook '/home/hdm/tracker_plus_ttttt/tracker_plus/install/armor_detector/share/armor_detector/hook/ld_library_path_lib.ps1'
[36.904s] [34mcolcon.colcon_core.shell[0m [1;30mINFO[0m Creating environment descriptor '/home/hdm/tracker_plus_ttttt/tracker_plus/install/armor_detector/share/armor_detector/hook/ld_library_path_lib.dsv'
[36.904s] [34mcolcon.colcon_core.shell[0m [1;30mINFO[0m Creating environment hook '/home/hdm/tracker_plus_ttttt/tracker_plus/install/armor_detector/share/armor_detector/hook/ld_library_path_lib.sh'
[36.904s] [34mcolcon.colcon_core.environment[0m [1;30mLevel 1[0m checking '/home/hdm/tracker_plus_ttttt/tracker_plus/install/armor_detector/bin'
[36.904s] [34mcolcon.colcon_core.environment[0m [1;30mLevel 1[0m checking '/home/hdm/tracker_plus_ttttt/tracker_plus/install/armor_detector/lib/pkgconfig/armor_detector.pc'
[36.904s] [34mcolcon.colcon_core.environment[0m [1;30mLevel 1[0m checking '/home/hdm/tracker_plus_ttttt/tracker_plus/install/armor_detector/lib/python3.10/site-packages'
[36.905s] [34mcolcon.colcon_core.environment[0m [1;30mLevel 1[0m checking '/home/hdm/tracker_plus_ttttt/tracker_plus/install/armor_detector/bin'
[36.905s] [34mcolcon.colcon_core.shell[0m [1;30mINFO[0m Creating package script '/home/hdm/tracker_plus_ttttt/tracker_plus/install/armor_detector/share/armor_detector/package.ps1'
[36.905s] [34mcolcon.colcon_core.shell[0m [1;30mINFO[0m Creating package descriptor '/home/hdm/tracker_plus_ttttt/tracker_plus/install/armor_detector/share/armor_detector/package.dsv'
[36.905s] [34mcolcon.colcon_core.shell[0m [1;30mINFO[0m Creating package script '/home/hdm/tracker_plus_ttttt/tracker_plus/install/armor_detector/share/armor_detector/package.sh'
[36.906s] [34mcolcon.colcon_core.shell[0m [1;30mINFO[0m Creating package script '/home/hdm/tracker_plus_ttttt/tracker_plus/install/armor_detector/share/armor_detector/package.bash'
[36.906s] [34mcolcon.colcon_core.shell[0m [1;30mINFO[0m Creating package script '/home/hdm/tracker_plus_ttttt/tracker_plus/install/armor_detector/share/armor_detector/package.zsh'
[36.906s] [34mcolcon.colcon_core.environment[0m [1;30mLevel 1[0m create_file_with_runtime_dependencies(/home/hdm/tracker_plus_ttttt/tracker_plus/install/armor_detector/share/colcon-core/packages/armor_detector)
[36.973s] [34mcolcon.colcon_core.environment[0m [1;30mLevel 1[0m create_environment_scripts_only(rm_serial_driver)
[36.973s] [34mcolcon.colcon_core.environment[0m [1;30mLevel 1[0m checking '/home/hdm/tracker_plus_ttttt/tracker_plus/install/rm_serial_driver' for CMake module files
[36.974s] [34mcolcon.colcon_core.event_handler.log_command[0m [1;30mDEBUG[0m [32mInvoked command in '/home/hdm/tracker_plus_ttttt/tracker_plus/build/rm_serial_driver' returned '0': AMENT_PREFIX_PATH=/home/hdm/tracker_plus_ttttt/tracker_plus/install/buff_interfaces:/home/hdm/tracker_plus_ttttt/tracker_plus/install/auto_aim_interfaces:${AMENT_PREFIX_PATH} CMAKE_PREFIX_PATH=/home/hdm/tracker_plus_ttttt/tracker_plus/install/buff_interfaces:/home/hdm/tracker_plus_ttttt/tracker_plus/install/auto_aim_interfaces:/opt/ros/humble LD_LIBRARY_PATH=/home/hdm/tracker_plus_ttttt/tracker_plus/install/buff_interfaces/lib:/home/hdm/tracker_plus_ttttt/tracker_plus/install/auto_aim_interfaces/lib:${LD_LIBRARY_PATH} PYTHONPATH=/home/hdm/tracker_plus_ttttt/tracker_plus/install/buff_interfaces/local/lib/python3.10/dist-packages:/home/hdm/tracker_plus_ttttt/tracker_plus/install/auto_aim_interfaces/local/lib/python3.10/dist-packages:${PYTHONPATH} /usr/bin/cmake --install /home/hdm/tracker_plus_ttttt/tracker_plus/build/rm_serial_driver[0m
[36.974s] [34mcolcon.colcon_core.environment[0m [1;30mLevel 1[0m checking '/home/hdm/tracker_plus_ttttt/tracker_plus/install/rm_serial_driver' for CMake config files
[36.974s] [34mcolcon.colcon_core.shell[0m [1;30mLevel 1[0m create_environment_hook('rm_serial_driver', 'cmake_prefix_path')
[36.974s] [34mcolcon.colcon_core.shell[0m [1;30mINFO[0m Creating environment hook '/home/hdm/tracker_plus_ttttt/tracker_plus/install/rm_serial_driver/share/rm_serial_driver/hook/cmake_prefix_path.ps1'
[36.975s] [34mcolcon.colcon_core.shell[0m [1;30mINFO[0m Creating environment descriptor '/home/hdm/tracker_plus_ttttt/tracker_plus/install/rm_serial_driver/share/rm_serial_driver/hook/cmake_prefix_path.dsv'
[36.975s] [34mcolcon.colcon_core.shell[0m [1;30mINFO[0m Creating environment hook '/home/hdm/tracker_plus_ttttt/tracker_plus/install/rm_serial_driver/share/rm_serial_driver/hook/cmake_prefix_path.sh'
[36.975s] [34mcolcon.colcon_core.environment[0m [1;30mLevel 1[0m checking '/home/hdm/tracker_plus_ttttt/tracker_plus/install/rm_serial_driver/lib'
[36.975s] [34mcolcon.colcon_core.shell[0m [1;30mLevel 1[0m create_environment_hook('rm_serial_driver', 'ld_library_path_lib')
[36.975s] [34mcolcon.colcon_core.shell[0m [1;30mINFO[0m Creating environment hook '/home/hdm/tracker_plus_ttttt/tracker_plus/install/rm_serial_driver/share/rm_serial_driver/hook/ld_library_path_lib.ps1'
[36.976s] [34mcolcon.colcon_core.shell[0m [1;30mINFO[0m Creating environment descriptor '/home/hdm/tracker_plus_ttttt/tracker_plus/install/rm_serial_driver/share/rm_serial_driver/hook/ld_library_path_lib.dsv'
[36.976s] [34mcolcon.colcon_core.shell[0m [1;30mINFO[0m Creating environment hook '/home/hdm/tracker_plus_ttttt/tracker_plus/install/rm_serial_driver/share/rm_serial_driver/hook/ld_library_path_lib.sh'
[36.976s] [34mcolcon.colcon_core.environment[0m [1;30mLevel 1[0m checking '/home/hdm/tracker_plus_ttttt/tracker_plus/install/rm_serial_driver/bin'
[36.976s] [34mcolcon.colcon_core.environment[0m [1;30mLevel 1[0m checking '/home/hdm/tracker_plus_ttttt/tracker_plus/install/rm_serial_driver/lib/pkgconfig/rm_serial_driver.pc'
[36.976s] [34mcolcon.colcon_core.environment[0m [1;30mLevel 1[0m checking '/home/hdm/tracker_plus_ttttt/tracker_plus/install/rm_serial_driver/lib/python3.10/site-packages'
[36.976s] [34mcolcon.colcon_core.environment[0m [1;30mLevel 1[0m checking '/home/hdm/tracker_plus_ttttt/tracker_plus/install/rm_serial_driver/bin'
[36.977s] [34mcolcon.colcon_core.shell[0m [1;30mINFO[0m Creating package script '/home/hdm/tracker_plus_ttttt/tracker_plus/install/rm_serial_driver/share/rm_serial_driver/package.ps1'
[36.977s] [34mcolcon.colcon_core.shell[0m [1;30mINFO[0m Creating package descriptor '/home/hdm/tracker_plus_ttttt/tracker_plus/install/rm_serial_driver/share/rm_serial_driver/package.dsv'
[36.977s] [34mcolcon.colcon_core.shell[0m [1;30mINFO[0m Creating package script '/home/hdm/tracker_plus_ttttt/tracker_plus/install/rm_serial_driver/share/rm_serial_driver/package.sh'
[36.977s] [34mcolcon.colcon_core.shell[0m [1;30mINFO[0m Creating package script '/home/hdm/tracker_plus_ttttt/tracker_plus/install/rm_serial_driver/share/rm_serial_driver/package.bash'
[36.977s] [34mcolcon.colcon_core.shell[0m [1;30mINFO[0m Creating package script '/home/hdm/tracker_plus_ttttt/tracker_plus/install/rm_serial_driver/share/rm_serial_driver/package.zsh'
[36.978s] [34mcolcon.colcon_core.environment[0m [1;30mLevel 1[0m create_file_with_runtime_dependencies(/home/hdm/tracker_plus_ttttt/tracker_plus/install/rm_serial_driver/share/colcon-core/packages/rm_serial_driver)
[36.978s] [34mcolcon.colcon_core.environment[0m [1;30mLevel 1[0m create_environment_scripts_only(rm_serial_driver)
[36.978s] [34mcolcon.colcon_core.environment[0m [1;30mLevel 1[0m checking '/home/hdm/tracker_plus_ttttt/tracker_plus/install/rm_serial_driver' for CMake module files
[36.978s] [34mcolcon.colcon_core.environment[0m [1;30mLevel 1[0m checking '/home/hdm/tracker_plus_ttttt/tracker_plus/install/rm_serial_driver' for CMake config files
[36.978s] [34mcolcon.colcon_core.shell[0m [1;30mLevel 1[0m create_environment_hook('rm_serial_driver', 'cmake_prefix_path')
[36.979s] [34mcolcon.colcon_core.shell[0m [1;30mINFO[0m Creating environment hook '/home/hdm/tracker_plus_ttttt/tracker_plus/install/rm_serial_driver/share/rm_serial_driver/hook/cmake_prefix_path.ps1'
[36.979s] [34mcolcon.colcon_core.shell[0m [1;30mINFO[0m Creating environment descriptor '/home/hdm/tracker_plus_ttttt/tracker_plus/install/rm_serial_driver/share/rm_serial_driver/hook/cmake_prefix_path.dsv'
[36.979s] [34mcolcon.colcon_core.shell[0m [1;30mINFO[0m Creating environment hook '/home/hdm/tracker_plus_ttttt/tracker_plus/install/rm_serial_driver/share/rm_serial_driver/hook/cmake_prefix_path.sh'
[36.979s] [34mcolcon.colcon_core.environment[0m [1;30mLevel 1[0m checking '/home/hdm/tracker_plus_ttttt/tracker_plus/install/rm_serial_driver/lib'
[36.979s] [34mcolcon.colcon_core.shell[0m [1;30mLevel 1[0m create_environment_hook('rm_serial_driver', 'ld_library_path_lib')
[36.980s] [34mcolcon.colcon_core.shell[0m [1;30mINFO[0m Creating environment hook '/home/hdm/tracker_plus_ttttt/tracker_plus/install/rm_serial_driver/share/rm_serial_driver/hook/ld_library_path_lib.ps1'
[36.980s] [34mcolcon.colcon_core.shell[0m [1;30mINFO[0m Creating environment descriptor '/home/hdm/tracker_plus_ttttt/tracker_plus/install/rm_serial_driver/share/rm_serial_driver/hook/ld_library_path_lib.dsv'
[36.980s] [34mcolcon.colcon_core.shell[0m [1;30mINFO[0m Creating environment hook '/home/hdm/tracker_plus_ttttt/tracker_plus/install/rm_serial_driver/share/rm_serial_driver/hook/ld_library_path_lib.sh'
[36.980s] [34mcolcon.colcon_core.environment[0m [1;30mLevel 1[0m checking '/home/hdm/tracker_plus_ttttt/tracker_plus/install/rm_serial_driver/bin'
[36.980s] [34mcolcon.colcon_core.environment[0m [1;30mLevel 1[0m checking '/home/hdm/tracker_plus_ttttt/tracker_plus/install/rm_serial_driver/lib/pkgconfig/rm_serial_driver.pc'
[36.980s] [34mcolcon.colcon_core.environment[0m [1;30mLevel 1[0m checking '/home/hdm/tracker_plus_ttttt/tracker_plus/install/rm_serial_driver/lib/python3.10/site-packages'
[36.980s] [34mcolcon.colcon_core.environment[0m [1;30mLevel 1[0m checking '/home/hdm/tracker_plus_ttttt/tracker_plus/install/rm_serial_driver/bin'
[36.981s] [34mcolcon.colcon_core.shell[0m [1;30mINFO[0m Creating package script '/home/hdm/tracker_plus_ttttt/tracker_plus/install/rm_serial_driver/share/rm_serial_driver/package.ps1'
[36.981s] [34mcolcon.colcon_core.shell[0m [1;30mINFO[0m Creating package descriptor '/home/hdm/tracker_plus_ttttt/tracker_plus/install/rm_serial_driver/share/rm_serial_driver/package.dsv'
[36.981s] [34mcolcon.colcon_core.shell[0m [1;30mINFO[0m Creating package script '/home/hdm/tracker_plus_ttttt/tracker_plus/install/rm_serial_driver/share/rm_serial_driver/package.sh'
[36.981s] [34mcolcon.colcon_core.shell[0m [1;30mINFO[0m Creating package script '/home/hdm/tracker_plus_ttttt/tracker_plus/install/rm_serial_driver/share/rm_serial_driver/package.bash'
[36.982s] [34mcolcon.colcon_core.shell[0m [1;30mINFO[0m Creating package script '/home/hdm/tracker_plus_ttttt/tracker_plus/install/rm_serial_driver/share/rm_serial_driver/package.zsh'
[36.982s] [34mcolcon.colcon_core.environment[0m [1;30mLevel 1[0m create_file_with_runtime_dependencies(/home/hdm/tracker_plus_ttttt/tracker_plus/install/rm_serial_driver/share/colcon-core/packages/rm_serial_driver)
[36.982s] [34mcolcon.colcon_ros.task.ament_cmake.build[0m [1;30mINFO[0m Building ROS package in '/home/hdm/tracker_plus_ttttt/tracker_plus/src/rm_buff/rm_buff_bringup' with build type 'ament_cmake'
[36.982s] [34mcolcon.colcon_cmake.task.cmake.build[0m [1;30mINFO[0m Building CMake package in '/home/hdm/tracker_plus_ttttt/tracker_plus/src/rm_buff/rm_buff_bringup'
[36.982s] [34mcolcon.colcon_core.shell[0m [1;30mINFO[0m Skip shell extension 'powershell' for command environment: Not usable outside of PowerShell
[36.982s] [34mcolcon.colcon_core.shell[0m [1;30mDEBUG[0m [32mSkip shell extension 'dsv' for command environment[0m
[37.004s] [34mcolcon.colcon_core.event_handler.log_command[0m [1;30mDEBUG[0m [32mInvoking command in '/home/hdm/tracker_plus_ttttt/tracker_plus/build/rm_buff_bringup': AMENT_PREFIX_PATH=/home/hdm/tracker_plus_ttttt/tracker_plus/install/buff_tracker:/home/hdm/tracker_plus_ttttt/tracker_plus/install/rm_serial_driver:/home/hdm/tracker_plus_ttttt/tracker_plus/install/buff_executor:/home/hdm/tracker_plus_ttttt/tracker_plus/install/buff_detector:/home/hdm/tracker_plus_ttttt/tracker_plus/install/rm_gimbal_description:/home/hdm/tracker_plus_ttttt/tracker_plus/install/buff_interfaces:/home/hdm/tracker_plus_ttttt/tracker_plus/install/auto_aim_interfaces:${AMENT_PREFIX_PATH} CMAKE_PREFIX_PATH=/home/hdm/tracker_plus_ttttt/tracker_plus/install/buff_tracker:/home/hdm/tracker_plus_ttttt/tracker_plus/install/rm_serial_driver:/home/hdm/tracker_plus_ttttt/tracker_plus/install/buff_executor:/home/hdm/tracker_plus_ttttt/tracker_plus/install/buff_detector:/home/hdm/tracker_plus_ttttt/tracker_plus/install/rm_gimbal_description:/home/hdm/tracker_plus_ttttt/tracker_plus/install/buff_interfaces:/home/hdm/tracker_plus_ttttt/tracker_plus/install/auto_aim_interfaces:/opt/ros/humble LD_LIBRARY_PATH=/home/hdm/tracker_plus_ttttt/tracker_plus/install/buff_tracker/lib:/home/hdm/tracker_plus_ttttt/tracker_plus/install/rm_serial_driver/lib:/home/hdm/tracker_plus_ttttt/tracker_plus/install/buff_executor/lib:/home/hdm/tracker_plus_ttttt/tracker_plus/install/buff_detector/lib:/home/hdm/tracker_plus_ttttt/tracker_plus/install/buff_interfaces/lib:/home/hdm/tracker_plus_ttttt/tracker_plus/install/auto_aim_interfaces/lib:${LD_LIBRARY_PATH} PYTHONPATH=/home/hdm/tracker_plus_ttttt/tracker_plus/install/buff_interfaces/local/lib/python3.10/dist-packages:/home/hdm/tracker_plus_ttttt/tracker_plus/install/auto_aim_interfaces/local/lib/python3.10/dist-packages:${PYTHONPATH} /usr/bin/cmake /home/hdm/tracker_plus_ttttt/tracker_plus/src/rm_buff/rm_buff_bringup -DAMENT_CMAKE_SYMLINK_INSTALL=1 -DCMAKE_INSTALL_PREFIX=/home/hdm/tracker_plus_ttttt/tracker_plus/install/rm_buff_bringup[0m
[37.353s] [34mcolcon.colcon_core.event_handler.log_command[0m [1;30mDEBUG[0m [32mInvoked command in '/home/hdm/tracker_plus_ttttt/tracker_plus/build/armor_tracker' returned '0': AMENT_PREFIX_PATH=/home/hdm/tracker_plus_ttttt/tracker_plus/install/armor_executor:/home/hdm/tracker_plus_ttttt/tracker_plus/install/auto_aim_interfaces:${AMENT_PREFIX_PATH} CMAKE_PREFIX_PATH=/home/hdm/tracker_plus_ttttt/tracker_plus/install/armor_executor:/home/hdm/tracker_plus_ttttt/tracker_plus/install/auto_aim_interfaces:/opt/ros/humble LD_LIBRARY_PATH=/home/hdm/tracker_plus_ttttt/tracker_plus/install/armor_executor/lib:/home/hdm/tracker_plus_ttttt/tracker_plus/install/auto_aim_interfaces/lib:${LD_LIBRARY_PATH} PYTHONPATH=/home/hdm/tracker_plus_ttttt/tracker_plus/install/auto_aim_interfaces/local/lib/python3.10/dist-packages:${PYTHONPATH} /usr/bin/cmake --build /home/hdm/tracker_plus_ttttt/tracker_plus/build/armor_tracker -- -j24 -l24[0m
[37.354s] [34mcolcon.colcon_core.event_handler.log_command[0m [1;30mDEBUG[0m [32mInvoking command in '/home/hdm/tracker_plus_ttttt/tracker_plus/build/armor_tracker': AMENT_PREFIX_PATH=/home/hdm/tracker_plus_ttttt/tracker_plus/install/armor_executor:/home/hdm/tracker_plus_ttttt/tracker_plus/install/auto_aim_interfaces:${AMENT_PREFIX_PATH} CMAKE_PREFIX_PATH=/home/hdm/tracker_plus_ttttt/tracker_plus/install/armor_executor:/home/hdm/tracker_plus_ttttt/tracker_plus/install/auto_aim_interfaces:/opt/ros/humble LD_LIBRARY_PATH=/home/hdm/tracker_plus_ttttt/tracker_plus/install/armor_executor/lib:/home/hdm/tracker_plus_ttttt/tracker_plus/install/auto_aim_interfaces/lib:${LD_LIBRARY_PATH} PYTHONPATH=/home/hdm/tracker_plus_ttttt/tracker_plus/install/auto_aim_interfaces/local/lib/python3.10/dist-packages:${PYTHONPATH} /usr/bin/cmake --install /home/hdm/tracker_plus_ttttt/tracker_plus/build/armor_tracker[0m
[37.452s] [34mcolcon.colcon_core.event_handler.log_command[0m [1;30mDEBUG[0m [32mInvoked command in '/home/hdm/tracker_plus_ttttt/tracker_plus/build/rm_buff_bringup' returned '0': AMENT_PREFIX_PATH=/home/hdm/tracker_plus_ttttt/tracker_plus/install/buff_tracker:/home/hdm/tracker_plus_ttttt/tracker_plus/install/rm_serial_driver:/home/hdm/tracker_plus_ttttt/tracker_plus/install/buff_executor:/home/hdm/tracker_plus_ttttt/tracker_plus/install/buff_detector:/home/hdm/tracker_plus_ttttt/tracker_plus/install/rm_gimbal_description:/home/hdm/tracker_plus_ttttt/tracker_plus/install/buff_interfaces:/home/hdm/tracker_plus_ttttt/tracker_plus/install/auto_aim_interfaces:${AMENT_PREFIX_PATH} CMAKE_PREFIX_PATH=/home/hdm/tracker_plus_ttttt/tracker_plus/install/buff_tracker:/home/hdm/tracker_plus_ttttt/tracker_plus/install/rm_serial_driver:/home/hdm/tracker_plus_ttttt/tracker_plus/install/buff_executor:/home/hdm/tracker_plus_ttttt/tracker_plus/install/buff_detector:/home/hdm/tracker_plus_ttttt/tracker_plus/install/rm_gimbal_description:/home/hdm/tracker_plus_ttttt/tracker_plus/install/buff_interfaces:/home/hdm/tracker_plus_ttttt/tracker_plus/install/auto_aim_interfaces:/opt/ros/humble LD_LIBRARY_PATH=/home/hdm/tracker_plus_ttttt/tracker_plus/install/buff_tracker/lib:/home/hdm/tracker_plus_ttttt/tracker_plus/install/rm_serial_driver/lib:/home/hdm/tracker_plus_ttttt/tracker_plus/install/buff_executor/lib:/home/hdm/tracker_plus_ttttt/tracker_plus/install/buff_detector/lib:/home/hdm/tracker_plus_ttttt/tracker_plus/install/buff_interfaces/lib:/home/hdm/tracker_plus_ttttt/tracker_plus/install/auto_aim_interfaces/lib:${LD_LIBRARY_PATH} PYTHONPATH=/home/hdm/tracker_plus_ttttt/tracker_plus/install/buff_interfaces/local/lib/python3.10/dist-packages:/home/hdm/tracker_plus_ttttt/tracker_plus/install/auto_aim_interfaces/local/lib/python3.10/dist-packages:${PYTHONPATH} /usr/bin/cmake /home/hdm/tracker_plus_ttttt/tracker_plus/src/rm_buff/rm_buff_bringup -DAMENT_CMAKE_SYMLINK_INSTALL=1 -DCMAKE_INSTALL_PREFIX=/home/hdm/tracker_plus_ttttt/tracker_plus/install/rm_buff_bringup[0m
[37.453s] [34mcolcon.colcon_core.event_handler.log_command[0m [1;30mDEBUG[0m [32mInvoking command in '/home/hdm/tracker_plus_ttttt/tracker_plus/build/rm_buff_bringup': AMENT_PREFIX_PATH=/home/hdm/tracker_plus_ttttt/tracker_plus/install/buff_tracker:/home/hdm/tracker_plus_ttttt/tracker_plus/install/rm_serial_driver:/home/hdm/tracker_plus_ttttt/tracker_plus/install/buff_executor:/home/hdm/tracker_plus_ttttt/tracker_plus/install/buff_detector:/home/hdm/tracker_plus_ttttt/tracker_plus/install/rm_gimbal_description:/home/hdm/tracker_plus_ttttt/tracker_plus/install/buff_interfaces:/home/hdm/tracker_plus_ttttt/tracker_plus/install/auto_aim_interfaces:${AMENT_PREFIX_PATH} CMAKE_PREFIX_PATH=/home/hdm/tracker_plus_ttttt/tracker_plus/install/buff_tracker:/home/hdm/tracker_plus_ttttt/tracker_plus/install/rm_serial_driver:/home/hdm/tracker_plus_ttttt/tracker_plus/install/buff_executor:/home/hdm/tracker_plus_ttttt/tracker_plus/install/buff_detector:/home/hdm/tracker_plus_ttttt/tracker_plus/install/rm_gimbal_description:/home/hdm/tracker_plus_ttttt/tracker_plus/install/buff_interfaces:/home/hdm/tracker_plus_ttttt/tracker_plus/install/auto_aim_interfaces:/opt/ros/humble LD_LIBRARY_PATH=/home/hdm/tracker_plus_ttttt/tracker_plus/install/buff_tracker/lib:/home/hdm/tracker_plus_ttttt/tracker_plus/install/rm_serial_driver/lib:/home/hdm/tracker_plus_ttttt/tracker_plus/install/buff_executor/lib:/home/hdm/tracker_plus_ttttt/tracker_plus/install/buff_detector/lib:/home/hdm/tracker_plus_ttttt/tracker_plus/install/buff_interfaces/lib:/home/hdm/tracker_plus_ttttt/tracker_plus/install/auto_aim_interfaces/lib:${LD_LIBRARY_PATH} PYTHONPATH=/home/hdm/tracker_plus_ttttt/tracker_plus/install/buff_interfaces/local/lib/python3.10/dist-packages:/home/hdm/tracker_plus_ttttt/tracker_plus/install/auto_aim_interfaces/local/lib/python3.10/dist-packages:${PYTHONPATH} /usr/bin/cmake --build /home/hdm/tracker_plus_ttttt/tracker_plus/build/rm_buff_bringup -- -j24 -l24[0m
[37.480s] [34mcolcon.colcon_core.event_handler.log_command[0m [1;30mDEBUG[0m [32mInvoked command in '/home/hdm/tracker_plus_ttttt/tracker_plus/build/rm_buff_bringup' returned '0': AMENT_PREFIX_PATH=/home/hdm/tracker_plus_ttttt/tracker_plus/install/buff_tracker:/home/hdm/tracker_plus_ttttt/tracker_plus/install/rm_serial_driver:/home/hdm/tracker_plus_ttttt/tracker_plus/install/buff_executor:/home/hdm/tracker_plus_ttttt/tracker_plus/install/buff_detector:/home/hdm/tracker_plus_ttttt/tracker_plus/install/rm_gimbal_description:/home/hdm/tracker_plus_ttttt/tracker_plus/install/buff_interfaces:/home/hdm/tracker_plus_ttttt/tracker_plus/install/auto_aim_interfaces:${AMENT_PREFIX_PATH} CMAKE_PREFIX_PATH=/home/hdm/tracker_plus_ttttt/tracker_plus/install/buff_tracker:/home/hdm/tracker_plus_ttttt/tracker_plus/install/rm_serial_driver:/home/hdm/tracker_plus_ttttt/tracker_plus/install/buff_executor:/home/hdm/tracker_plus_ttttt/tracker_plus/install/buff_detector:/home/hdm/tracker_plus_ttttt/tracker_plus/install/rm_gimbal_description:/home/hdm/tracker_plus_ttttt/tracker_plus/install/buff_interfaces:/home/hdm/tracker_plus_ttttt/tracker_plus/install/auto_aim_interfaces:/opt/ros/humble LD_LIBRARY_PATH=/home/hdm/tracker_plus_ttttt/tracker_plus/install/buff_tracker/lib:/home/hdm/tracker_plus_ttttt/tracker_plus/install/rm_serial_driver/lib:/home/hdm/tracker_plus_ttttt/tracker_plus/install/buff_executor/lib:/home/hdm/tracker_plus_ttttt/tracker_plus/install/buff_detector/lib:/home/hdm/tracker_plus_ttttt/tracker_plus/install/buff_interfaces/lib:/home/hdm/tracker_plus_ttttt/tracker_plus/install/auto_aim_interfaces/lib:${LD_LIBRARY_PATH} PYTHONPATH=/home/hdm/tracker_plus_ttttt/tracker_plus/install/buff_interfaces/local/lib/python3.10/dist-packages:/home/hdm/tracker_plus_ttttt/tracker_plus/install/auto_aim_interfaces/local/lib/python3.10/dist-packages:${PYTHONPATH} /usr/bin/cmake --build /home/hdm/tracker_plus_ttttt/tracker_plus/build/rm_buff_bringup -- -j24 -l24[0m
[37.481s] [34mcolcon.colcon_core.event_handler.log_command[0m [1;30mDEBUG[0m [32mInvoking command in '/home/hdm/tracker_plus_ttttt/tracker_plus/build/rm_buff_bringup': AMENT_PREFIX_PATH=/home/hdm/tracker_plus_ttttt/tracker_plus/install/buff_tracker:/home/hdm/tracker_plus_ttttt/tracker_plus/install/rm_serial_driver:/home/hdm/tracker_plus_ttttt/tracker_plus/install/buff_executor:/home/hdm/tracker_plus_ttttt/tracker_plus/install/buff_detector:/home/hdm/tracker_plus_ttttt/tracker_plus/install/rm_gimbal_description:/home/hdm/tracker_plus_ttttt/tracker_plus/install/buff_interfaces:/home/hdm/tracker_plus_ttttt/tracker_plus/install/auto_aim_interfaces:${AMENT_PREFIX_PATH} CMAKE_PREFIX_PATH=/home/hdm/tracker_plus_ttttt/tracker_plus/install/buff_tracker:/home/hdm/tracker_plus_ttttt/tracker_plus/install/rm_serial_driver:/home/hdm/tracker_plus_ttttt/tracker_plus/install/buff_executor:/home/hdm/tracker_plus_ttttt/tracker_plus/install/buff_detector:/home/hdm/tracker_plus_ttttt/tracker_plus/install/rm_gimbal_description:/home/hdm/tracker_plus_ttttt/tracker_plus/install/buff_interfaces:/home/hdm/tracker_plus_ttttt/tracker_plus/install/auto_aim_interfaces:/opt/ros/humble LD_LIBRARY_PATH=/home/hdm/tracker_plus_ttttt/tracker_plus/install/buff_tracker/lib:/home/hdm/tracker_plus_ttttt/tracker_plus/install/rm_serial_driver/lib:/home/hdm/tracker_plus_ttttt/tracker_plus/install/buff_executor/lib:/home/hdm/tracker_plus_ttttt/tracker_plus/install/buff_detector/lib:/home/hdm/tracker_plus_ttttt/tracker_plus/install/buff_interfaces/lib:/home/hdm/tracker_plus_ttttt/tracker_plus/install/auto_aim_interfaces/lib:${LD_LIBRARY_PATH} PYTHONPATH=/home/hdm/tracker_plus_ttttt/tracker_plus/install/buff_interfaces/local/lib/python3.10/dist-packages:/home/hdm/tracker_plus_ttttt/tracker_plus/install/auto_aim_interfaces/local/lib/python3.10/dist-packages:${PYTHONPATH} /usr/bin/cmake --install /home/hdm/tracker_plus_ttttt/tracker_plus/build/rm_buff_bringup[0m
[37.507s] [34mcolcon.colcon_core.environment[0m [1;30mLevel 1[0m create_environment_scripts_only(armor_tracker)
[37.507s] [34mcolcon.colcon_core.environment[0m [1;30mLevel 1[0m checking '/home/hdm/tracker_plus_ttttt/tracker_plus/install/armor_tracker' for CMake module files
[37.507s] [34mcolcon.colcon_core.event_handler.log_command[0m [1;30mDEBUG[0m [32mInvoked command in '/home/hdm/tracker_plus_ttttt/tracker_plus/build/armor_tracker' returned '0': AMENT_PREFIX_PATH=/home/hdm/tracker_plus_ttttt/tracker_plus/install/armor_executor:/home/hdm/tracker_plus_ttttt/tracker_plus/install/auto_aim_interfaces:${AMENT_PREFIX_PATH} CMAKE_PREFIX_PATH=/home/hdm/tracker_plus_ttttt/tracker_plus/install/armor_executor:/home/hdm/tracker_plus_ttttt/tracker_plus/install/auto_aim_interfaces:/opt/ros/humble LD_LIBRARY_PATH=/home/hdm/tracker_plus_ttttt/tracker_plus/install/armor_executor/lib:/home/hdm/tracker_plus_ttttt/tracker_plus/install/auto_aim_interfaces/lib:${LD_LIBRARY_PATH} PYTHONPATH=/home/hdm/tracker_plus_ttttt/tracker_plus/install/auto_aim_interfaces/local/lib/python3.10/dist-packages:${PYTHONPATH} /usr/bin/cmake --install /home/hdm/tracker_plus_ttttt/tracker_plus/build/armor_tracker[0m
[37.508s] [34mcolcon.colcon_core.environment[0m [1;30mLevel 1[0m checking '/home/hdm/tracker_plus_ttttt/tracker_plus/install/armor_tracker' for CMake config files
[37.508s] [34mcolcon.colcon_core.shell[0m [1;30mLevel 1[0m create_environment_hook('armor_tracker', 'cmake_prefix_path')
[37.508s] [34mcolcon.colcon_core.shell[0m [1;30mINFO[0m Creating environment hook '/home/hdm/tracker_plus_ttttt/tracker_plus/install/armor_tracker/share/armor_tracker/hook/cmake_prefix_path.ps1'
[37.508s] [34mcolcon.colcon_core.shell[0m [1;30mINFO[0m Creating environment descriptor '/home/hdm/tracker_plus_ttttt/tracker_plus/install/armor_tracker/share/armor_tracker/hook/cmake_prefix_path.dsv'
[37.509s] [34mcolcon.colcon_core.shell[0m [1;30mINFO[0m Creating environment hook '/home/hdm/tracker_plus_ttttt/tracker_plus/install/armor_tracker/share/armor_tracker/hook/cmake_prefix_path.sh'
[37.509s] [34mcolcon.colcon_core.environment[0m [1;30mLevel 1[0m checking '/home/hdm/tracker_plus_ttttt/tracker_plus/install/armor_tracker/lib'
[37.509s] [34mcolcon.colcon_core.shell[0m [1;30mLevel 1[0m create_environment_hook('armor_tracker', 'ld_library_path_lib')
[37.509s] [34mcolcon.colcon_core.shell[0m [1;30mINFO[0m Creating environment hook '/home/hdm/tracker_plus_ttttt/tracker_plus/install/armor_tracker/share/armor_tracker/hook/ld_library_path_lib.ps1'
[37.509s] [34mcolcon.colcon_core.shell[0m [1;30mINFO[0m Creating environment descriptor '/home/hdm/tracker_plus_ttttt/tracker_plus/install/armor_tracker/share/armor_tracker/hook/ld_library_path_lib.dsv'
[37.510s] [34mcolcon.colcon_core.shell[0m [1;30mINFO[0m Creating environment hook '/home/hdm/tracker_plus_ttttt/tracker_plus/install/armor_tracker/share/armor_tracker/hook/ld_library_path_lib.sh'
[37.510s] [34mcolcon.colcon_core.environment[0m [1;30mLevel 1[0m checking '/home/hdm/tracker_plus_ttttt/tracker_plus/install/armor_tracker/bin'
[37.510s] [34mcolcon.colcon_core.environment[0m [1;30mLevel 1[0m checking '/home/hdm/tracker_plus_ttttt/tracker_plus/install/armor_tracker/lib/pkgconfig/armor_tracker.pc'
[37.510s] [34mcolcon.colcon_core.environment[0m [1;30mLevel 1[0m checking '/home/hdm/tracker_plus_ttttt/tracker_plus/install/armor_tracker/lib/python3.10/site-packages'
[37.510s] [34mcolcon.colcon_core.environment[0m [1;30mLevel 1[0m checking '/home/hdm/tracker_plus_ttttt/tracker_plus/install/armor_tracker/bin'
[37.510s] [34mcolcon.colcon_core.shell[0m [1;30mINFO[0m Creating package script '/home/hdm/tracker_plus_ttttt/tracker_plus/install/armor_tracker/share/armor_tracker/package.ps1'
[37.511s] [34mcolcon.colcon_core.shell[0m [1;30mINFO[0m Creating package descriptor '/home/hdm/tracker_plus_ttttt/tracker_plus/install/armor_tracker/share/armor_tracker/package.dsv'
[37.511s] [34mcolcon.colcon_core.shell[0m [1;30mINFO[0m Creating package script '/home/hdm/tracker_plus_ttttt/tracker_plus/install/armor_tracker/share/armor_tracker/package.sh'
[37.511s] [34mcolcon.colcon_core.shell[0m [1;30mINFO[0m Creating package script '/home/hdm/tracker_plus_ttttt/tracker_plus/install/armor_tracker/share/armor_tracker/package.bash'
[37.511s] [34mcolcon.colcon_core.shell[0m [1;30mINFO[0m Creating package script '/home/hdm/tracker_plus_ttttt/tracker_plus/install/armor_tracker/share/armor_tracker/package.zsh'
[37.512s] [34mcolcon.colcon_core.environment[0m [1;30mLevel 1[0m create_file_with_runtime_dependencies(/home/hdm/tracker_plus_ttttt/tracker_plus/install/armor_tracker/share/colcon-core/packages/armor_tracker)
[37.512s] [34mcolcon.colcon_core.environment[0m [1;30mLevel 1[0m create_environment_scripts_only(armor_tracker)
[37.512s] [34mcolcon.colcon_core.environment[0m [1;30mLevel 1[0m checking '/home/hdm/tracker_plus_ttttt/tracker_plus/install/armor_tracker' for CMake module files
[37.512s] [34mcolcon.colcon_core.environment[0m [1;30mLevel 1[0m checking '/home/hdm/tracker_plus_ttttt/tracker_plus/install/armor_tracker' for CMake config files
[37.513s] [34mcolcon.colcon_core.shell[0m [1;30mLevel 1[0m create_environment_hook('armor_tracker', 'cmake_prefix_path')
[37.513s] [34mcolcon.colcon_core.shell[0m [1;30mINFO[0m Creating environment hook '/home/hdm/tracker_plus_ttttt/tracker_plus/install/armor_tracker/share/armor_tracker/hook/cmake_prefix_path.ps1'
[37.513s] [34mcolcon.colcon_core.shell[0m [1;30mINFO[0m Creating environment descriptor '/home/hdm/tracker_plus_ttttt/tracker_plus/install/armor_tracker/share/armor_tracker/hook/cmake_prefix_path.dsv'
[37.513s] [34mcolcon.colcon_core.shell[0m [1;30mINFO[0m Creating environment hook '/home/hdm/tracker_plus_ttttt/tracker_plus/install/armor_tracker/share/armor_tracker/hook/cmake_prefix_path.sh'
[37.513s] [34mcolcon.colcon_core.environment[0m [1;30mLevel 1[0m checking '/home/hdm/tracker_plus_ttttt/tracker_plus/install/armor_tracker/lib'
[37.513s] [34mcolcon.colcon_core.shell[0m [1;30mLevel 1[0m create_environment_hook('armor_tracker', 'ld_library_path_lib')
[37.514s] [34mcolcon.colcon_core.shell[0m [1;30mINFO[0m Creating environment hook '/home/hdm/tracker_plus_ttttt/tracker_plus/install/armor_tracker/share/armor_tracker/hook/ld_library_path_lib.ps1'
[37.514s] [34mcolcon.colcon_core.shell[0m [1;30mINFO[0m Creating environment descriptor '/home/hdm/tracker_plus_ttttt/tracker_plus/install/armor_tracker/share/armor_tracker/hook/ld_library_path_lib.dsv'
[37.514s] [34mcolcon.colcon_core.shell[0m [1;30mINFO[0m Creating environment hook '/home/hdm/tracker_plus_ttttt/tracker_plus/install/armor_tracker/share/armor_tracker/hook/ld_library_path_lib.sh'
[37.514s] [34mcolcon.colcon_core.environment[0m [1;30mLevel 1[0m checking '/home/hdm/tracker_plus_ttttt/tracker_plus/install/armor_tracker/bin'
[37.514s] [34mcolcon.colcon_core.environment[0m [1;30mLevel 1[0m checking '/home/hdm/tracker_plus_ttttt/tracker_plus/install/armor_tracker/lib/pkgconfig/armor_tracker.pc'
[37.514s] [34mcolcon.colcon_core.environment[0m [1;30mLevel 1[0m checking '/home/hdm/tracker_plus_ttttt/tracker_plus/install/armor_tracker/lib/python3.10/site-packages'
[37.514s] [34mcolcon.colcon_core.environment[0m [1;30mLevel 1[0m checking '/home/hdm/tracker_plus_ttttt/tracker_plus/install/armor_tracker/bin'
[37.515s] [34mcolcon.colcon_core.shell[0m [1;30mINFO[0m Creating package script '/home/hdm/tracker_plus_ttttt/tracker_plus/install/armor_tracker/share/armor_tracker/package.ps1'
[37.515s] [34mcolcon.colcon_core.shell[0m [1;30mINFO[0m Creating package descriptor '/home/hdm/tracker_plus_ttttt/tracker_plus/install/armor_tracker/share/armor_tracker/package.dsv'
[37.515s] [34mcolcon.colcon_core.shell[0m [1;30mINFO[0m Creating package script '/home/hdm/tracker_plus_ttttt/tracker_plus/install/armor_tracker/share/armor_tracker/package.sh'
[37.516s] [34mcolcon.colcon_core.shell[0m [1;30mINFO[0m Creating package script '/home/hdm/tracker_plus_ttttt/tracker_plus/install/armor_tracker/share/armor_tracker/package.bash'
[37.516s] [34mcolcon.colcon_core.shell[0m [1;30mINFO[0m Creating package script '/home/hdm/tracker_plus_ttttt/tracker_plus/install/armor_tracker/share/armor_tracker/package.zsh'
[37.516s] [34mcolcon.colcon_core.environment[0m [1;30mLevel 1[0m create_file_with_runtime_dependencies(/home/hdm/tracker_plus_ttttt/tracker_plus/install/armor_tracker/share/colcon-core/packages/armor_tracker)
[37.516s] [34mcolcon.colcon_ros.task.ament_cmake.build[0m [1;30mINFO[0m Building ROS package in '/home/hdm/tracker_plus_ttttt/tracker_plus/src/rm_auto_aim/rm_auto_aim' with build type 'ament_cmake'
[37.516s] [34mcolcon.colcon_cmake.task.cmake.build[0m [1;30mINFO[0m Building CMake package in '/home/hdm/tracker_plus_ttttt/tracker_plus/src/rm_auto_aim/rm_auto_aim'
[37.517s] [34mcolcon.colcon_core.shell[0m [1;30mINFO[0m Skip shell extension 'powershell' for command environment: Not usable outside of PowerShell
[37.517s] [34mcolcon.colcon_core.shell[0m [1;30mDEBUG[0m [32mSkip shell extension 'dsv' for command environment[0m
[37.531s] [34mcolcon.colcon_core.event_handler.log_command[0m [1;30mDEBUG[0m [32mInvoking command in '/home/hdm/tracker_plus_ttttt/tracker_plus/build/rm_auto_aim': AMENT_PREFIX_PATH=/home/hdm/tracker_plus_ttttt/tracker_plus/install/armor_tracker:/home/hdm/tracker_plus_ttttt/tracker_plus/install/armor_executor:/home/hdm/tracker_plus_ttttt/tracker_plus/install/armor_detector:/home/hdm/tracker_plus_ttttt/tracker_plus/install/auto_aim_interfaces:${AMENT_PREFIX_PATH} CMAKE_PREFIX_PATH=/home/hdm/tracker_plus_ttttt/tracker_plus/install/armor_tracker:/home/hdm/tracker_plus_ttttt/tracker_plus/install/armor_executor:/home/hdm/tracker_plus_ttttt/tracker_plus/install/armor_detector:/home/hdm/tracker_plus_ttttt/tracker_plus/install/auto_aim_interfaces:/opt/ros/humble LD_LIBRARY_PATH=/home/hdm/tracker_plus_ttttt/tracker_plus/install/armor_tracker/lib:/home/hdm/tracker_plus_ttttt/tracker_plus/install/armor_executor/lib:/home/hdm/tracker_plus_ttttt/tracker_plus/install/armor_detector/lib:/home/hdm/tracker_plus_ttttt/tracker_plus/install/auto_aim_interfaces/lib:${LD_LIBRARY_PATH} PYTHONPATH=/home/hdm/tracker_plus_ttttt/tracker_plus/install/auto_aim_interfaces/local/lib/python3.10/dist-packages:${PYTHONPATH} /usr/bin/cmake /home/hdm/tracker_plus_ttttt/tracker_plus/src/rm_auto_aim/rm_auto_aim -DAMENT_CMAKE_SYMLINK_INSTALL=1 -DCMAKE_INSTALL_PREFIX=/home/hdm/tracker_plus_ttttt/tracker_plus/install/rm_auto_aim[0m
[37.591s] [34mcolcon.colcon_core.environment[0m [1;30mLevel 1[0m create_environment_scripts_only(rm_buff_bringup)
[37.591s] [34mcolcon.colcon_core.environment[0m [1;30mLevel 1[0m checking '/home/hdm/tracker_plus_ttttt/tracker_plus/install/rm_buff_bringup' for CMake module files
[37.592s] [34mcolcon.colcon_core.event_handler.log_command[0m [1;30mDEBUG[0m [32mInvoked command in '/home/hdm/tracker_plus_ttttt/tracker_plus/build/rm_buff_bringup' returned '0': AMENT_PREFIX_PATH=/home/hdm/tracker_plus_ttttt/tracker_plus/install/buff_tracker:/home/hdm/tracker_plus_ttttt/tracker_plus/install/rm_serial_driver:/home/hdm/tracker_plus_ttttt/tracker_plus/install/buff_executor:/home/hdm/tracker_plus_ttttt/tracker_plus/install/buff_detector:/home/hdm/tracker_plus_ttttt/tracker_plus/install/rm_gimbal_description:/home/hdm/tracker_plus_ttttt/tracker_plus/install/buff_interfaces:/home/hdm/tracker_plus_ttttt/tracker_plus/install/auto_aim_interfaces:${AMENT_PREFIX_PATH} CMAKE_PREFIX_PATH=/home/hdm/tracker_plus_ttttt/tracker_plus/install/buff_tracker:/home/hdm/tracker_plus_ttttt/tracker_plus/install/rm_serial_driver:/home/hdm/tracker_plus_ttttt/tracker_plus/install/buff_executor:/home/hdm/tracker_plus_ttttt/tracker_plus/install/buff_detector:/home/hdm/tracker_plus_ttttt/tracker_plus/install/rm_gimbal_description:/home/hdm/tracker_plus_ttttt/tracker_plus/install/buff_interfaces:/home/hdm/tracker_plus_ttttt/tracker_plus/install/auto_aim_interfaces:/opt/ros/humble LD_LIBRARY_PATH=/home/hdm/tracker_plus_ttttt/tracker_plus/install/buff_tracker/lib:/home/hdm/tracker_plus_ttttt/tracker_plus/install/rm_serial_driver/lib:/home/hdm/tracker_plus_ttttt/tracker_plus/install/buff_executor/lib:/home/hdm/tracker_plus_ttttt/tracker_plus/install/buff_detector/lib:/home/hdm/tracker_plus_ttttt/tracker_plus/install/buff_interfaces/lib:/home/hdm/tracker_plus_ttttt/tracker_plus/install/auto_aim_interfaces/lib:${LD_LIBRARY_PATH} PYTHONPATH=/home/hdm/tracker_plus_ttttt/tracker_plus/install/buff_interfaces/local/lib/python3.10/dist-packages:/home/hdm/tracker_plus_ttttt/tracker_plus/install/auto_aim_interfaces/local/lib/python3.10/dist-packages:${PYTHONPATH} /usr/bin/cmake --install /home/hdm/tracker_plus_ttttt/tracker_plus/build/rm_buff_bringup[0m
[37.592s] [34mcolcon.colcon_core.environment[0m [1;30mLevel 1[0m checking '/home/hdm/tracker_plus_ttttt/tracker_plus/install/rm_buff_bringup' for CMake config files
[37.592s] [34mcolcon.colcon_core.shell[0m [1;30mLevel 1[0m create_environment_hook('rm_buff_bringup', 'cmake_prefix_path')
[37.592s] [34mcolcon.colcon_core.shell[0m [1;30mINFO[0m Creating environment hook '/home/hdm/tracker_plus_ttttt/tracker_plus/install/rm_buff_bringup/share/rm_buff_bringup/hook/cmake_prefix_path.ps1'
[37.593s] [34mcolcon.colcon_core.shell[0m [1;30mINFO[0m Creating environment descriptor '/home/hdm/tracker_plus_ttttt/tracker_plus/install/rm_buff_bringup/share/rm_buff_bringup/hook/cmake_prefix_path.dsv'
[37.593s] [34mcolcon.colcon_core.shell[0m [1;30mINFO[0m Creating environment hook '/home/hdm/tracker_plus_ttttt/tracker_plus/install/rm_buff_bringup/share/rm_buff_bringup/hook/cmake_prefix_path.sh'
[37.593s] [34mcolcon.colcon_core.environment[0m [1;30mLevel 1[0m checking '/home/hdm/tracker_plus_ttttt/tracker_plus/install/rm_buff_bringup/bin'
[37.593s] [34mcolcon.colcon_core.environment[0m [1;30mLevel 1[0m checking '/home/hdm/tracker_plus_ttttt/tracker_plus/install/rm_buff_bringup/lib/pkgconfig/rm_buff_bringup.pc'
[37.593s] [34mcolcon.colcon_core.environment[0m [1;30mLevel 1[0m checking '/home/hdm/tracker_plus_ttttt/tracker_plus/install/rm_buff_bringup/lib/python3.10/site-packages'
[37.593s] [34mcolcon.colcon_core.environment[0m [1;30mLevel 1[0m checking '/home/hdm/tracker_plus_ttttt/tracker_plus/install/rm_buff_bringup/bin'
[37.594s] [34mcolcon.colcon_core.shell[0m [1;30mINFO[0m Creating package script '/home/hdm/tracker_plus_ttttt/tracker_plus/install/rm_buff_bringup/share/rm_buff_bringup/package.ps1'
[37.594s] [34mcolcon.colcon_core.shell[0m [1;30mINFO[0m Creating package descriptor '/home/hdm/tracker_plus_ttttt/tracker_plus/install/rm_buff_bringup/share/rm_buff_bringup/package.dsv'
[37.594s] [34mcolcon.colcon_core.shell[0m [1;30mINFO[0m Creating package script '/home/hdm/tracker_plus_ttttt/tracker_plus/install/rm_buff_bringup/share/rm_buff_bringup/package.sh'
[37.594s] [34mcolcon.colcon_core.shell[0m [1;30mINFO[0m Creating package script '/home/hdm/tracker_plus_ttttt/tracker_plus/install/rm_buff_bringup/share/rm_buff_bringup/package.bash'
[37.594s] [34mcolcon.colcon_core.shell[0m [1;30mINFO[0m Creating package script '/home/hdm/tracker_plus_ttttt/tracker_plus/install/rm_buff_bringup/share/rm_buff_bringup/package.zsh'
[37.595s] [34mcolcon.colcon_core.environment[0m [1;30mLevel 1[0m create_file_with_runtime_dependencies(/home/hdm/tracker_plus_ttttt/tracker_plus/install/rm_buff_bringup/share/colcon-core/packages/rm_buff_bringup)
[37.595s] [34mcolcon.colcon_core.environment[0m [1;30mLevel 1[0m create_environment_scripts_only(rm_buff_bringup)
[37.595s] [34mcolcon.colcon_core.environment[0m [1;30mLevel 1[0m checking '/home/hdm/tracker_plus_ttttt/tracker_plus/install/rm_buff_bringup' for CMake module files
[37.595s] [34mcolcon.colcon_core.environment[0m [1;30mLevel 1[0m checking '/home/hdm/tracker_plus_ttttt/tracker_plus/install/rm_buff_bringup' for CMake config files
[37.595s] [34mcolcon.colcon_core.shell[0m [1;30mLevel 1[0m create_environment_hook('rm_buff_bringup', 'cmake_prefix_path')
[37.596s] [34mcolcon.colcon_core.shell[0m [1;30mINFO[0m Creating environment hook '/home/hdm/tracker_plus_ttttt/tracker_plus/install/rm_buff_bringup/share/rm_buff_bringup/hook/cmake_prefix_path.ps1'
[37.596s] [34mcolcon.colcon_core.shell[0m [1;30mINFO[0m Creating environment descriptor '/home/hdm/tracker_plus_ttttt/tracker_plus/install/rm_buff_bringup/share/rm_buff_bringup/hook/cmake_prefix_path.dsv'
[37.596s] [34mcolcon.colcon_core.shell[0m [1;30mINFO[0m Creating environment hook '/home/hdm/tracker_plus_ttttt/tracker_plus/install/rm_buff_bringup/share/rm_buff_bringup/hook/cmake_prefix_path.sh'
[37.596s] [34mcolcon.colcon_core.environment[0m [1;30mLevel 1[0m checking '/home/hdm/tracker_plus_ttttt/tracker_plus/install/rm_buff_bringup/bin'
[37.596s] [34mcolcon.colcon_core.environment[0m [1;30mLevel 1[0m checking '/home/hdm/tracker_plus_ttttt/tracker_plus/install/rm_buff_bringup/lib/pkgconfig/rm_buff_bringup.pc'
[37.596s] [34mcolcon.colcon_core.environment[0m [1;30mLevel 1[0m checking '/home/hdm/tracker_plus_ttttt/tracker_plus/install/rm_buff_bringup/lib/python3.10/site-packages'
[37.597s] [34mcolcon.colcon_core.environment[0m [1;30mLevel 1[0m checking '/home/hdm/tracker_plus_ttttt/tracker_plus/install/rm_buff_bringup/bin'
[37.597s] [34mcolcon.colcon_core.shell[0m [1;30mINFO[0m Creating package script '/home/hdm/tracker_plus_ttttt/tracker_plus/install/rm_buff_bringup/share/rm_buff_bringup/package.ps1'
[37.597s] [34mcolcon.colcon_core.shell[0m [1;30mINFO[0m Creating package descriptor '/home/hdm/tracker_plus_ttttt/tracker_plus/install/rm_buff_bringup/share/rm_buff_bringup/package.dsv'
[37.597s] [34mcolcon.colcon_core.shell[0m [1;30mINFO[0m Creating package script '/home/hdm/tracker_plus_ttttt/tracker_plus/install/rm_buff_bringup/share/rm_buff_bringup/package.sh'
[37.598s] [34mcolcon.colcon_core.shell[0m [1;30mINFO[0m Creating package script '/home/hdm/tracker_plus_ttttt/tracker_plus/install/rm_buff_bringup/share/rm_buff_bringup/package.bash'
[37.598s] [34mcolcon.colcon_core.shell[0m [1;30mINFO[0m Creating package script '/home/hdm/tracker_plus_ttttt/tracker_plus/install/rm_buff_bringup/share/rm_buff_bringup/package.zsh'
[37.598s] [34mcolcon.colcon_core.environment[0m [1;30mLevel 1[0m create_file_with_runtime_dependencies(/home/hdm/tracker_plus_ttttt/tracker_plus/install/rm_buff_bringup/share/colcon-core/packages/rm_buff_bringup)
[37.956s] [34mcolcon.colcon_core.event_handler.log_command[0m [1;30mDEBUG[0m [32mInvoked command in '/home/hdm/tracker_plus_ttttt/tracker_plus/build/rm_auto_aim' returned '0': AMENT_PREFIX_PATH=/home/hdm/tracker_plus_ttttt/tracker_plus/install/armor_tracker:/home/hdm/tracker_plus_ttttt/tracker_plus/install/armor_executor:/home/hdm/tracker_plus_ttttt/tracker_plus/install/armor_detector:/home/hdm/tracker_plus_ttttt/tracker_plus/install/auto_aim_interfaces:${AMENT_PREFIX_PATH} CMAKE_PREFIX_PATH=/home/hdm/tracker_plus_ttttt/tracker_plus/install/armor_tracker:/home/hdm/tracker_plus_ttttt/tracker_plus/install/armor_executor:/home/hdm/tracker_plus_ttttt/tracker_plus/install/armor_detector:/home/hdm/tracker_plus_ttttt/tracker_plus/install/auto_aim_interfaces:/opt/ros/humble LD_LIBRARY_PATH=/home/hdm/tracker_plus_ttttt/tracker_plus/install/armor_tracker/lib:/home/hdm/tracker_plus_ttttt/tracker_plus/install/armor_executor/lib:/home/hdm/tracker_plus_ttttt/tracker_plus/install/armor_detector/lib:/home/hdm/tracker_plus_ttttt/tracker_plus/install/auto_aim_interfaces/lib:${LD_LIBRARY_PATH} PYTHONPATH=/home/hdm/tracker_plus_ttttt/tracker_plus/install/auto_aim_interfaces/local/lib/python3.10/dist-packages:${PYTHONPATH} /usr/bin/cmake /home/hdm/tracker_plus_ttttt/tracker_plus/src/rm_auto_aim/rm_auto_aim -DAMENT_CMAKE_SYMLINK_INSTALL=1 -DCMAKE_INSTALL_PREFIX=/home/hdm/tracker_plus_ttttt/tracker_plus/install/rm_auto_aim[0m
[37.958s] [34mcolcon.colcon_core.event_handler.log_command[0m [1;30mDEBUG[0m [32mInvoking command in '/home/hdm/tracker_plus_ttttt/tracker_plus/build/rm_auto_aim': AMENT_PREFIX_PATH=/home/hdm/tracker_plus_ttttt/tracker_plus/install/armor_tracker:/home/hdm/tracker_plus_ttttt/tracker_plus/install/armor_executor:/home/hdm/tracker_plus_ttttt/tracker_plus/install/armor_detector:/home/hdm/tracker_plus_ttttt/tracker_plus/install/auto_aim_interfaces:${AMENT_PREFIX_PATH} CMAKE_PREFIX_PATH=/home/hdm/tracker_plus_ttttt/tracker_plus/install/armor_tracker:/home/hdm/tracker_plus_ttttt/tracker_plus/install/armor_executor:/home/hdm/tracker_plus_ttttt/tracker_plus/install/armor_detector:/home/hdm/tracker_plus_ttttt/tracker_plus/install/auto_aim_interfaces:/opt/ros/humble LD_LIBRARY_PATH=/home/hdm/tracker_plus_ttttt/tracker_plus/install/armor_tracker/lib:/home/hdm/tracker_plus_ttttt/tracker_plus/install/armor_executor/lib:/home/hdm/tracker_plus_ttttt/tracker_plus/install/armor_detector/lib:/home/hdm/tracker_plus_ttttt/tracker_plus/install/auto_aim_interfaces/lib:${LD_LIBRARY_PATH} PYTHONPATH=/home/hdm/tracker_plus_ttttt/tracker_plus/install/auto_aim_interfaces/local/lib/python3.10/dist-packages:${PYTHONPATH} /usr/bin/cmake --build /home/hdm/tracker_plus_ttttt/tracker_plus/build/rm_auto_aim -- -j24 -l24[0m
[37.987s] [34mcolcon.colcon_core.event_handler.log_command[0m [1;30mDEBUG[0m [32mInvoked command in '/home/hdm/tracker_plus_ttttt/tracker_plus/build/rm_auto_aim' returned '0': AMENT_PREFIX_PATH=/home/hdm/tracker_plus_ttttt/tracker_plus/install/armor_tracker:/home/hdm/tracker_plus_ttttt/tracker_plus/install/armor_executor:/home/hdm/tracker_plus_ttttt/tracker_plus/install/armor_detector:/home/hdm/tracker_plus_ttttt/tracker_plus/install/auto_aim_interfaces:${AMENT_PREFIX_PATH} CMAKE_PREFIX_PATH=/home/hdm/tracker_plus_ttttt/tracker_plus/install/armor_tracker:/home/hdm/tracker_plus_ttttt/tracker_plus/install/armor_executor:/home/hdm/tracker_plus_ttttt/tracker_plus/install/armor_detector:/home/hdm/tracker_plus_ttttt/tracker_plus/install/auto_aim_interfaces:/opt/ros/humble LD_LIBRARY_PATH=/home/hdm/tracker_plus_ttttt/tracker_plus/install/armor_tracker/lib:/home/hdm/tracker_plus_ttttt/tracker_plus/install/armor_executor/lib:/home/hdm/tracker_plus_ttttt/tracker_plus/install/armor_detector/lib:/home/hdm/tracker_plus_ttttt/tracker_plus/install/auto_aim_interfaces/lib:${LD_LIBRARY_PATH} PYTHONPATH=/home/hdm/tracker_plus_ttttt/tracker_plus/install/auto_aim_interfaces/local/lib/python3.10/dist-packages:${PYTHONPATH} /usr/bin/cmake --build /home/hdm/tracker_plus_ttttt/tracker_plus/build/rm_auto_aim -- -j24 -l24[0m
[37.988s] [34mcolcon.colcon_core.event_handler.log_command[0m [1;30mDEBUG[0m [32mInvoking command in '/home/hdm/tracker_plus_ttttt/tracker_plus/build/rm_auto_aim': AMENT_PREFIX_PATH=/home/hdm/tracker_plus_ttttt/tracker_plus/install/armor_tracker:/home/hdm/tracker_plus_ttttt/tracker_plus/install/armor_executor:/home/hdm/tracker_plus_ttttt/tracker_plus/install/armor_detector:/home/hdm/tracker_plus_ttttt/tracker_plus/install/auto_aim_interfaces:${AMENT_PREFIX_PATH} CMAKE_PREFIX_PATH=/home/hdm/tracker_plus_ttttt/tracker_plus/install/armor_tracker:/home/hdm/tracker_plus_ttttt/tracker_plus/install/armor_executor:/home/hdm/tracker_plus_ttttt/tracker_plus/install/armor_detector:/home/hdm/tracker_plus_ttttt/tracker_plus/install/auto_aim_interfaces:/opt/ros/humble LD_LIBRARY_PATH=/home/hdm/tracker_plus_ttttt/tracker_plus/install/armor_tracker/lib:/home/hdm/tracker_plus_ttttt/tracker_plus/install/armor_executor/lib:/home/hdm/tracker_plus_ttttt/tracker_plus/install/armor_detector/lib:/home/hdm/tracker_plus_ttttt/tracker_plus/install/auto_aim_interfaces/lib:${LD_LIBRARY_PATH} PYTHONPATH=/home/hdm/tracker_plus_ttttt/tracker_plus/install/auto_aim_interfaces/local/lib/python3.10/dist-packages:${PYTHONPATH} /usr/bin/cmake --install /home/hdm/tracker_plus_ttttt/tracker_plus/build/rm_auto_aim[0m
[38.083s] [34mcolcon.colcon_core.environment[0m [1;30mLevel 1[0m create_environment_scripts_only(rm_auto_aim)
[38.083s] [34mcolcon.colcon_core.environment[0m [1;30mLevel 1[0m checking '/home/hdm/tracker_plus_ttttt/tracker_plus/install/rm_auto_aim' for CMake module files
[38.083s] [34mcolcon.colcon_core.event_handler.log_command[0m [1;30mDEBUG[0m [32mInvoked command in '/home/hdm/tracker_plus_ttttt/tracker_plus/build/rm_auto_aim' returned '0': AMENT_PREFIX_PATH=/home/hdm/tracker_plus_ttttt/tracker_plus/install/armor_tracker:/home/hdm/tracker_plus_ttttt/tracker_plus/install/armor_executor:/home/hdm/tracker_plus_ttttt/tracker_plus/install/armor_detector:/home/hdm/tracker_plus_ttttt/tracker_plus/install/auto_aim_interfaces:${AMENT_PREFIX_PATH} CMAKE_PREFIX_PATH=/home/hdm/tracker_plus_ttttt/tracker_plus/install/armor_tracker:/home/hdm/tracker_plus_ttttt/tracker_plus/install/armor_executor:/home/hdm/tracker_plus_ttttt/tracker_plus/install/armor_detector:/home/hdm/tracker_plus_ttttt/tracker_plus/install/auto_aim_interfaces:/opt/ros/humble LD_LIBRARY_PATH=/home/hdm/tracker_plus_ttttt/tracker_plus/install/armor_tracker/lib:/home/hdm/tracker_plus_ttttt/tracker_plus/install/armor_executor/lib:/home/hdm/tracker_plus_ttttt/tracker_plus/install/armor_detector/lib:/home/hdm/tracker_plus_ttttt/tracker_plus/install/auto_aim_interfaces/lib:${LD_LIBRARY_PATH} PYTHONPATH=/home/hdm/tracker_plus_ttttt/tracker_plus/install/auto_aim_interfaces/local/lib/python3.10/dist-packages:${PYTHONPATH} /usr/bin/cmake --install /home/hdm/tracker_plus_ttttt/tracker_plus/build/rm_auto_aim[0m
[38.084s] [34mcolcon.colcon_core.environment[0m [1;30mLevel 1[0m checking '/home/hdm/tracker_plus_ttttt/tracker_plus/install/rm_auto_aim' for CMake config files
[38.084s] [34mcolcon.colcon_core.shell[0m [1;30mLevel 1[0m create_environment_hook('rm_auto_aim', 'cmake_prefix_path')
[38.084s] [34mcolcon.colcon_core.shell[0m [1;30mINFO[0m Creating environment hook '/home/hdm/tracker_plus_ttttt/tracker_plus/install/rm_auto_aim/share/rm_auto_aim/hook/cmake_prefix_path.ps1'
[38.084s] [34mcolcon.colcon_core.shell[0m [1;30mINFO[0m Creating environment descriptor '/home/hdm/tracker_plus_ttttt/tracker_plus/install/rm_auto_aim/share/rm_auto_aim/hook/cmake_prefix_path.dsv'
[38.084s] [34mcolcon.colcon_core.shell[0m [1;30mINFO[0m Creating environment hook '/home/hdm/tracker_plus_ttttt/tracker_plus/install/rm_auto_aim/share/rm_auto_aim/hook/cmake_prefix_path.sh'
[38.085s] [34mcolcon.colcon_core.environment[0m [1;30mLevel 1[0m checking '/home/hdm/tracker_plus_ttttt/tracker_plus/install/rm_auto_aim/bin'
[38.085s] [34mcolcon.colcon_core.environment[0m [1;30mLevel 1[0m checking '/home/hdm/tracker_plus_ttttt/tracker_plus/install/rm_auto_aim/lib/pkgconfig/rm_auto_aim.pc'
[38.085s] [34mcolcon.colcon_core.environment[0m [1;30mLevel 1[0m checking '/home/hdm/tracker_plus_ttttt/tracker_plus/install/rm_auto_aim/lib/python3.10/site-packages'
[38.085s] [34mcolcon.colcon_core.environment[0m [1;30mLevel 1[0m checking '/home/hdm/tracker_plus_ttttt/tracker_plus/install/rm_auto_aim/bin'
[38.085s] [34mcolcon.colcon_core.shell[0m [1;30mINFO[0m Creating package script '/home/hdm/tracker_plus_ttttt/tracker_plus/install/rm_auto_aim/share/rm_auto_aim/package.ps1'
[38.085s] [34mcolcon.colcon_core.shell[0m [1;30mINFO[0m Creating package descriptor '/home/hdm/tracker_plus_ttttt/tracker_plus/install/rm_auto_aim/share/rm_auto_aim/package.dsv'
[38.086s] [34mcolcon.colcon_core.shell[0m [1;30mINFO[0m Creating package script '/home/hdm/tracker_plus_ttttt/tracker_plus/install/rm_auto_aim/share/rm_auto_aim/package.sh'
[38.086s] [34mcolcon.colcon_core.shell[0m [1;30mINFO[0m Creating package script '/home/hdm/tracker_plus_ttttt/tracker_plus/install/rm_auto_aim/share/rm_auto_aim/package.bash'
[38.086s] [34mcolcon.colcon_core.shell[0m [1;30mINFO[0m Creating package script '/home/hdm/tracker_plus_ttttt/tracker_plus/install/rm_auto_aim/share/rm_auto_aim/package.zsh'
[38.086s] [34mcolcon.colcon_core.environment[0m [1;30mLevel 1[0m create_file_with_runtime_dependencies(/home/hdm/tracker_plus_ttttt/tracker_plus/install/rm_auto_aim/share/colcon-core/packages/rm_auto_aim)
[38.086s] [34mcolcon.colcon_core.environment[0m [1;30mLevel 1[0m create_environment_scripts_only(rm_auto_aim)
[38.086s] [34mcolcon.colcon_core.environment[0m [1;30mLevel 1[0m checking '/home/hdm/tracker_plus_ttttt/tracker_plus/install/rm_auto_aim' for CMake module files
[38.087s] [34mcolcon.colcon_core.environment[0m [1;30mLevel 1[0m checking '/home/hdm/tracker_plus_ttttt/tracker_plus/install/rm_auto_aim' for CMake config files
[38.087s] [34mcolcon.colcon_core.shell[0m [1;30mLevel 1[0m create_environment_hook('rm_auto_aim', 'cmake_prefix_path')
[38.087s] [34mcolcon.colcon_core.shell[0m [1;30mINFO[0m Creating environment hook '/home/hdm/tracker_plus_ttttt/tracker_plus/install/rm_auto_aim/share/rm_auto_aim/hook/cmake_prefix_path.ps1'
[38.087s] [34mcolcon.colcon_core.shell[0m [1;30mINFO[0m Creating environment descriptor '/home/hdm/tracker_plus_ttttt/tracker_plus/install/rm_auto_aim/share/rm_auto_aim/hook/cmake_prefix_path.dsv'
[38.087s] [34mcolcon.colcon_core.shell[0m [1;30mINFO[0m Creating environment hook '/home/hdm/tracker_plus_ttttt/tracker_plus/install/rm_auto_aim/share/rm_auto_aim/hook/cmake_prefix_path.sh'
[38.087s] [34mcolcon.colcon_core.environment[0m [1;30mLevel 1[0m checking '/home/hdm/tracker_plus_ttttt/tracker_plus/install/rm_auto_aim/bin'
[38.087s] [34mcolcon.colcon_core.environment[0m [1;30mLevel 1[0m checking '/home/hdm/tracker_plus_ttttt/tracker_plus/install/rm_auto_aim/lib/pkgconfig/rm_auto_aim.pc'
[38.088s] [34mcolcon.colcon_core.environment[0m [1;30mLevel 1[0m checking '/home/hdm/tracker_plus_ttttt/tracker_plus/install/rm_auto_aim/lib/python3.10/site-packages'
[38.088s] [34mcolcon.colcon_core.environment[0m [1;30mLevel 1[0m checking '/home/hdm/tracker_plus_ttttt/tracker_plus/install/rm_auto_aim/bin'
[38.088s] [34mcolcon.colcon_core.shell[0m [1;30mINFO[0m Creating package script '/home/hdm/tracker_plus_ttttt/tracker_plus/install/rm_auto_aim/share/rm_auto_aim/package.ps1'
[38.088s] [34mcolcon.colcon_core.shell[0m [1;30mINFO[0m Creating package descriptor '/home/hdm/tracker_plus_ttttt/tracker_plus/install/rm_auto_aim/share/rm_auto_aim/package.dsv'
[38.088s] [34mcolcon.colcon_core.shell[0m [1;30mINFO[0m Creating package script '/home/hdm/tracker_plus_ttttt/tracker_plus/install/rm_auto_aim/share/rm_auto_aim/package.sh'
[38.088s] [34mcolcon.colcon_core.shell[0m [1;30mINFO[0m Creating package script '/home/hdm/tracker_plus_ttttt/tracker_plus/install/rm_auto_aim/share/rm_auto_aim/package.bash'
[38.089s] [34mcolcon.colcon_core.shell[0m [1;30mINFO[0m Creating package script '/home/hdm/tracker_plus_ttttt/tracker_plus/install/rm_auto_aim/share/rm_auto_aim/package.zsh'
[38.089s] [34mcolcon.colcon_core.environment[0m [1;30mLevel 1[0m create_file_with_runtime_dependencies(/home/hdm/tracker_plus_ttttt/tracker_plus/install/rm_auto_aim/share/colcon-core/packages/rm_auto_aim)
[38.089s] [34mcolcon.colcon_ros.task.ament_cmake.build[0m [1;30mINFO[0m Building ROS package in '/home/hdm/tracker_plus_ttttt/tracker_plus/src/rm_vision/rm_vision_bringup' with build type 'ament_cmake'
[38.089s] [34mcolcon.colcon_cmake.task.cmake.build[0m [1;30mINFO[0m Building CMake package in '/home/hdm/tracker_plus_ttttt/tracker_plus/src/rm_vision/rm_vision_bringup'
[38.089s] [34mcolcon.colcon_core.shell[0m [1;30mINFO[0m Skip shell extension 'powershell' for command environment: Not usable outside of PowerShell
[38.089s] [34mcolcon.colcon_core.shell[0m [1;30mDEBUG[0m [32mSkip shell extension 'dsv' for command environment[0m
[38.114s] [34mcolcon.colcon_core.event_handler.log_command[0m [1;30mDEBUG[0m [32mInvoking command in '/home/hdm/tracker_plus_ttttt/tracker_plus/build/rm_vision_bringup': AMENT_PREFIX_PATH=/home/hdm/tracker_plus_ttttt/tracker_plus/install/rm_buff:/home/hdm/tracker_plus_ttttt/tracker_plus/install/rm_auto_aim:/home/hdm/tracker_plus_ttttt/tracker_plus/install/buff_tracker:/home/hdm/tracker_plus_ttttt/tracker_plus/install/armor_tracker:/home/hdm/tracker_plus_ttttt/tracker_plus/install/rm_serial_driver:/home/hdm/tracker_plus_ttttt/tracker_plus/install/buff_executor:/home/hdm/tracker_plus_ttttt/tracker_plus/install/buff_detector:/home/hdm/tracker_plus_ttttt/tracker_plus/install/armor_executor:/home/hdm/tracker_plus_ttttt/tracker_plus/install/armor_detector:/home/hdm/tracker_plus_ttttt/tracker_plus/install/buff_interfaces:/home/hdm/tracker_plus_ttttt/tracker_plus/install/auto_aim_interfaces:${AMENT_PREFIX_PATH} CMAKE_PREFIX_PATH=/home/hdm/tracker_plus_ttttt/tracker_plus/install/rm_buff:/home/hdm/tracker_plus_ttttt/tracker_plus/install/rm_auto_aim:/home/hdm/tracker_plus_ttttt/tracker_plus/install/buff_tracker:/home/hdm/tracker_plus_ttttt/tracker_plus/install/armor_tracker:/home/hdm/tracker_plus_ttttt/tracker_plus/install/rm_serial_driver:/home/hdm/tracker_plus_ttttt/tracker_plus/install/buff_executor:/home/hdm/tracker_plus_ttttt/tracker_plus/install/buff_detector:/home/hdm/tracker_plus_ttttt/tracker_plus/install/armor_executor:/home/hdm/tracker_plus_ttttt/tracker_plus/install/armor_detector:/home/hdm/tracker_plus_ttttt/tracker_plus/install/buff_interfaces:/home/hdm/tracker_plus_ttttt/tracker_plus/install/auto_aim_interfaces:/opt/ros/humble LD_LIBRARY_PATH=/home/hdm/tracker_plus_ttttt/tracker_plus/install/buff_tracker/lib:/home/hdm/tracker_plus_ttttt/tracker_plus/install/armor_tracker/lib:/home/hdm/tracker_plus_ttttt/tracker_plus/install/rm_serial_driver/lib:/home/hdm/tracker_plus_ttttt/tracker_plus/install/buff_executor/lib:/home/hdm/tracker_plus_ttttt/tracker_plus/install/buff_detector/lib:/home/hdm/tracker_plus_ttttt/tracker_plus/install/armor_executor/lib:/home/hdm/tracker_plus_ttttt/tracker_plus/install/armor_detector/lib:/home/hdm/tracker_plus_ttttt/tracker_plus/install/buff_interfaces/lib:/home/hdm/tracker_plus_ttttt/tracker_plus/install/auto_aim_interfaces/lib:${LD_LIBRARY_PATH} PYTHONPATH=/home/hdm/tracker_plus_ttttt/tracker_plus/install/buff_interfaces/local/lib/python3.10/dist-packages:/home/hdm/tracker_plus_ttttt/tracker_plus/install/auto_aim_interfaces/local/lib/python3.10/dist-packages:${PYTHONPATH} /usr/bin/cmake /home/hdm/tracker_plus_ttttt/tracker_plus/src/rm_vision/rm_vision_bringup -DAMENT_CMAKE_SYMLINK_INSTALL=1 -DCMAKE_INSTALL_PREFIX=/home/hdm/tracker_plus_ttttt/tracker_plus/install/rm_vision_bringup[0m
[38.517s] [34mcolcon.colcon_core.event_handler.log_command[0m [1;30mDEBUG[0m [32mInvoked command in '/home/hdm/tracker_plus_ttttt/tracker_plus/build/rm_vision_bringup' returned '0': AMENT_PREFIX_PATH=/home/hdm/tracker_plus_ttttt/tracker_plus/install/rm_buff:/home/hdm/tracker_plus_ttttt/tracker_plus/install/rm_auto_aim:/home/hdm/tracker_plus_ttttt/tracker_plus/install/buff_tracker:/home/hdm/tracker_plus_ttttt/tracker_plus/install/armor_tracker:/home/hdm/tracker_plus_ttttt/tracker_plus/install/rm_serial_driver:/home/hdm/tracker_plus_ttttt/tracker_plus/install/buff_executor:/home/hdm/tracker_plus_ttttt/tracker_plus/install/buff_detector:/home/hdm/tracker_plus_ttttt/tracker_plus/install/armor_executor:/home/hdm/tracker_plus_ttttt/tracker_plus/install/armor_detector:/home/hdm/tracker_plus_ttttt/tracker_plus/install/buff_interfaces:/home/hdm/tracker_plus_ttttt/tracker_plus/install/auto_aim_interfaces:${AMENT_PREFIX_PATH} CMAKE_PREFIX_PATH=/home/hdm/tracker_plus_ttttt/tracker_plus/install/rm_buff:/home/hdm/tracker_plus_ttttt/tracker_plus/install/rm_auto_aim:/home/hdm/tracker_plus_ttttt/tracker_plus/install/buff_tracker:/home/hdm/tracker_plus_ttttt/tracker_plus/install/armor_tracker:/home/hdm/tracker_plus_ttttt/tracker_plus/install/rm_serial_driver:/home/hdm/tracker_plus_ttttt/tracker_plus/install/buff_executor:/home/hdm/tracker_plus_ttttt/tracker_plus/install/buff_detector:/home/hdm/tracker_plus_ttttt/tracker_plus/install/armor_executor:/home/hdm/tracker_plus_ttttt/tracker_plus/install/armor_detector:/home/hdm/tracker_plus_ttttt/tracker_plus/install/buff_interfaces:/home/hdm/tracker_plus_ttttt/tracker_plus/install/auto_aim_interfaces:/opt/ros/humble LD_LIBRARY_PATH=/home/hdm/tracker_plus_ttttt/tracker_plus/install/buff_tracker/lib:/home/hdm/tracker_plus_ttttt/tracker_plus/install/armor_tracker/lib:/home/hdm/tracker_plus_ttttt/tracker_plus/install/rm_serial_driver/lib:/home/hdm/tracker_plus_ttttt/tracker_plus/install/buff_executor/lib:/home/hdm/tracker_plus_ttttt/tracker_plus/install/buff_detector/lib:/home/hdm/tracker_plus_ttttt/tracker_plus/install/armor_executor/lib:/home/hdm/tracker_plus_ttttt/tracker_plus/install/armor_detector/lib:/home/hdm/tracker_plus_ttttt/tracker_plus/install/buff_interfaces/lib:/home/hdm/tracker_plus_ttttt/tracker_plus/install/auto_aim_interfaces/lib:${LD_LIBRARY_PATH} PYTHONPATH=/home/hdm/tracker_plus_ttttt/tracker_plus/install/buff_interfaces/local/lib/python3.10/dist-packages:/home/hdm/tracker_plus_ttttt/tracker_plus/install/auto_aim_interfaces/local/lib/python3.10/dist-packages:${PYTHONPATH} /usr/bin/cmake /home/hdm/tracker_plus_ttttt/tracker_plus/src/rm_vision/rm_vision_bringup -DAMENT_CMAKE_SYMLINK_INSTALL=1 -DCMAKE_INSTALL_PREFIX=/home/hdm/tracker_plus_ttttt/tracker_plus/install/rm_vision_bringup[0m
[38.517s] [34mcolcon.colcon_core.event_handler.log_command[0m [1;30mDEBUG[0m [32mInvoking command in '/home/hdm/tracker_plus_ttttt/tracker_plus/build/rm_vision_bringup': AMENT_PREFIX_PATH=/home/hdm/tracker_plus_ttttt/tracker_plus/install/rm_buff:/home/hdm/tracker_plus_ttttt/tracker_plus/install/rm_auto_aim:/home/hdm/tracker_plus_ttttt/tracker_plus/install/buff_tracker:/home/hdm/tracker_plus_ttttt/tracker_plus/install/armor_tracker:/home/hdm/tracker_plus_ttttt/tracker_plus/install/rm_serial_driver:/home/hdm/tracker_plus_ttttt/tracker_plus/install/buff_executor:/home/hdm/tracker_plus_ttttt/tracker_plus/install/buff_detector:/home/hdm/tracker_plus_ttttt/tracker_plus/install/armor_executor:/home/hdm/tracker_plus_ttttt/tracker_plus/install/armor_detector:/home/hdm/tracker_plus_ttttt/tracker_plus/install/buff_interfaces:/home/hdm/tracker_plus_ttttt/tracker_plus/install/auto_aim_interfaces:${AMENT_PREFIX_PATH} CMAKE_PREFIX_PATH=/home/hdm/tracker_plus_ttttt/tracker_plus/install/rm_buff:/home/hdm/tracker_plus_ttttt/tracker_plus/install/rm_auto_aim:/home/hdm/tracker_plus_ttttt/tracker_plus/install/buff_tracker:/home/hdm/tracker_plus_ttttt/tracker_plus/install/armor_tracker:/home/hdm/tracker_plus_ttttt/tracker_plus/install/rm_serial_driver:/home/hdm/tracker_plus_ttttt/tracker_plus/install/buff_executor:/home/hdm/tracker_plus_ttttt/tracker_plus/install/buff_detector:/home/hdm/tracker_plus_ttttt/tracker_plus/install/armor_executor:/home/hdm/tracker_plus_ttttt/tracker_plus/install/armor_detector:/home/hdm/tracker_plus_ttttt/tracker_plus/install/buff_interfaces:/home/hdm/tracker_plus_ttttt/tracker_plus/install/auto_aim_interfaces:/opt/ros/humble LD_LIBRARY_PATH=/home/hdm/tracker_plus_ttttt/tracker_plus/install/buff_tracker/lib:/home/hdm/tracker_plus_ttttt/tracker_plus/install/armor_tracker/lib:/home/hdm/tracker_plus_ttttt/tracker_plus/install/rm_serial_driver/lib:/home/hdm/tracker_plus_ttttt/tracker_plus/install/buff_executor/lib:/home/hdm/tracker_plus_ttttt/tracker_plus/install/buff_detector/lib:/home/hdm/tracker_plus_ttttt/tracker_plus/install/armor_executor/lib:/home/hdm/tracker_plus_ttttt/tracker_plus/install/armor_detector/lib:/home/hdm/tracker_plus_ttttt/tracker_plus/install/buff_interfaces/lib:/home/hdm/tracker_plus_ttttt/tracker_plus/install/auto_aim_interfaces/lib:${LD_LIBRARY_PATH} PYTHONPATH=/home/hdm/tracker_plus_ttttt/tracker_plus/install/buff_interfaces/local/lib/python3.10/dist-packages:/home/hdm/tracker_plus_ttttt/tracker_plus/install/auto_aim_interfaces/local/lib/python3.10/dist-packages:${PYTHONPATH} /usr/bin/cmake --build /home/hdm/tracker_plus_ttttt/tracker_plus/build/rm_vision_bringup -- -j24 -l24[0m
[38.544s] [34mcolcon.colcon_core.event_handler.log_command[0m [1;30mDEBUG[0m [32mInvoked command in '/home/hdm/tracker_plus_ttttt/tracker_plus/build/rm_vision_bringup' returned '0': AMENT_PREFIX_PATH=/home/hdm/tracker_plus_ttttt/tracker_plus/install/rm_buff:/home/hdm/tracker_plus_ttttt/tracker_plus/install/rm_auto_aim:/home/hdm/tracker_plus_ttttt/tracker_plus/install/buff_tracker:/home/hdm/tracker_plus_ttttt/tracker_plus/install/armor_tracker:/home/hdm/tracker_plus_ttttt/tracker_plus/install/rm_serial_driver:/home/hdm/tracker_plus_ttttt/tracker_plus/install/buff_executor:/home/hdm/tracker_plus_ttttt/tracker_plus/install/buff_detector:/home/hdm/tracker_plus_ttttt/tracker_plus/install/armor_executor:/home/hdm/tracker_plus_ttttt/tracker_plus/install/armor_detector:/home/hdm/tracker_plus_ttttt/tracker_plus/install/buff_interfaces:/home/hdm/tracker_plus_ttttt/tracker_plus/install/auto_aim_interfaces:${AMENT_PREFIX_PATH} CMAKE_PREFIX_PATH=/home/hdm/tracker_plus_ttttt/tracker_plus/install/rm_buff:/home/hdm/tracker_plus_ttttt/tracker_plus/install/rm_auto_aim:/home/hdm/tracker_plus_ttttt/tracker_plus/install/buff_tracker:/home/hdm/tracker_plus_ttttt/tracker_plus/install/armor_tracker:/home/hdm/tracker_plus_ttttt/tracker_plus/install/rm_serial_driver:/home/hdm/tracker_plus_ttttt/tracker_plus/install/buff_executor:/home/hdm/tracker_plus_ttttt/tracker_plus/install/buff_detector:/home/hdm/tracker_plus_ttttt/tracker_plus/install/armor_executor:/home/hdm/tracker_plus_ttttt/tracker_plus/install/armor_detector:/home/hdm/tracker_plus_ttttt/tracker_plus/install/buff_interfaces:/home/hdm/tracker_plus_ttttt/tracker_plus/install/auto_aim_interfaces:/opt/ros/humble LD_LIBRARY_PATH=/home/hdm/tracker_plus_ttttt/tracker_plus/install/buff_tracker/lib:/home/hdm/tracker_plus_ttttt/tracker_plus/install/armor_tracker/lib:/home/hdm/tracker_plus_ttttt/tracker_plus/install/rm_serial_driver/lib:/home/hdm/tracker_plus_ttttt/tracker_plus/install/buff_executor/lib:/home/hdm/tracker_plus_ttttt/tracker_plus/install/buff_detector/lib:/home/hdm/tracker_plus_ttttt/tracker_plus/install/armor_executor/lib:/home/hdm/tracker_plus_ttttt/tracker_plus/install/armor_detector/lib:/home/hdm/tracker_plus_ttttt/tracker_plus/install/buff_interfaces/lib:/home/hdm/tracker_plus_ttttt/tracker_plus/install/auto_aim_interfaces/lib:${LD_LIBRARY_PATH} PYTHONPATH=/home/hdm/tracker_plus_ttttt/tracker_plus/install/buff_interfaces/local/lib/python3.10/dist-packages:/home/hdm/tracker_plus_ttttt/tracker_plus/install/auto_aim_interfaces/local/lib/python3.10/dist-packages:${PYTHONPATH} /usr/bin/cmake --build /home/hdm/tracker_plus_ttttt/tracker_plus/build/rm_vision_bringup -- -j24 -l24[0m
[38.546s] [34mcolcon.colcon_core.event_handler.log_command[0m [1;30mDEBUG[0m [32mInvoking command in '/home/hdm/tracker_plus_ttttt/tracker_plus/build/rm_vision_bringup': AMENT_PREFIX_PATH=/home/hdm/tracker_plus_ttttt/tracker_plus/install/rm_buff:/home/hdm/tracker_plus_ttttt/tracker_plus/install/rm_auto_aim:/home/hdm/tracker_plus_ttttt/tracker_plus/install/buff_tracker:/home/hdm/tracker_plus_ttttt/tracker_plus/install/armor_tracker:/home/hdm/tracker_plus_ttttt/tracker_plus/install/rm_serial_driver:/home/hdm/tracker_plus_ttttt/tracker_plus/install/buff_executor:/home/hdm/tracker_plus_ttttt/tracker_plus/install/buff_detector:/home/hdm/tracker_plus_ttttt/tracker_plus/install/armor_executor:/home/hdm/tracker_plus_ttttt/tracker_plus/install/armor_detector:/home/hdm/tracker_plus_ttttt/tracker_plus/install/buff_interfaces:/home/hdm/tracker_plus_ttttt/tracker_plus/install/auto_aim_interfaces:${AMENT_PREFIX_PATH} CMAKE_PREFIX_PATH=/home/hdm/tracker_plus_ttttt/tracker_plus/install/rm_buff:/home/hdm/tracker_plus_ttttt/tracker_plus/install/rm_auto_aim:/home/hdm/tracker_plus_ttttt/tracker_plus/install/buff_tracker:/home/hdm/tracker_plus_ttttt/tracker_plus/install/armor_tracker:/home/hdm/tracker_plus_ttttt/tracker_plus/install/rm_serial_driver:/home/hdm/tracker_plus_ttttt/tracker_plus/install/buff_executor:/home/hdm/tracker_plus_ttttt/tracker_plus/install/buff_detector:/home/hdm/tracker_plus_ttttt/tracker_plus/install/armor_executor:/home/hdm/tracker_plus_ttttt/tracker_plus/install/armor_detector:/home/hdm/tracker_plus_ttttt/tracker_plus/install/buff_interfaces:/home/hdm/tracker_plus_ttttt/tracker_plus/install/auto_aim_interfaces:/opt/ros/humble LD_LIBRARY_PATH=/home/hdm/tracker_plus_ttttt/tracker_plus/install/buff_tracker/lib:/home/hdm/tracker_plus_ttttt/tracker_plus/install/armor_tracker/lib:/home/hdm/tracker_plus_ttttt/tracker_plus/install/rm_serial_driver/lib:/home/hdm/tracker_plus_ttttt/tracker_plus/install/buff_executor/lib:/home/hdm/tracker_plus_ttttt/tracker_plus/install/buff_detector/lib:/home/hdm/tracker_plus_ttttt/tracker_plus/install/armor_executor/lib:/home/hdm/tracker_plus_ttttt/tracker_plus/install/armor_detector/lib:/home/hdm/tracker_plus_ttttt/tracker_plus/install/buff_interfaces/lib:/home/hdm/tracker_plus_ttttt/tracker_plus/install/auto_aim_interfaces/lib:${LD_LIBRARY_PATH} PYTHONPATH=/home/hdm/tracker_plus_ttttt/tracker_plus/install/buff_interfaces/local/lib/python3.10/dist-packages:/home/hdm/tracker_plus_ttttt/tracker_plus/install/auto_aim_interfaces/local/lib/python3.10/dist-packages:${PYTHONPATH} /usr/bin/cmake --install /home/hdm/tracker_plus_ttttt/tracker_plus/build/rm_vision_bringup[0m
[38.700s] [34mcolcon.colcon_core.environment[0m [1;30mLevel 1[0m create_environment_scripts_only(rm_vision_bringup)
[38.701s] [34mcolcon.colcon_core.environment[0m [1;30mLevel 1[0m checking '/home/hdm/tracker_plus_ttttt/tracker_plus/install/rm_vision_bringup' for CMake module files
[38.701s] [34mcolcon.colcon_core.event_handler.log_command[0m [1;30mDEBUG[0m [32mInvoked command in '/home/hdm/tracker_plus_ttttt/tracker_plus/build/rm_vision_bringup' returned '0': AMENT_PREFIX_PATH=/home/hdm/tracker_plus_ttttt/tracker_plus/install/rm_buff:/home/hdm/tracker_plus_ttttt/tracker_plus/install/rm_auto_aim:/home/hdm/tracker_plus_ttttt/tracker_plus/install/buff_tracker:/home/hdm/tracker_plus_ttttt/tracker_plus/install/armor_tracker:/home/hdm/tracker_plus_ttttt/tracker_plus/install/rm_serial_driver:/home/hdm/tracker_plus_ttttt/tracker_plus/install/buff_executor:/home/hdm/tracker_plus_ttttt/tracker_plus/install/buff_detector:/home/hdm/tracker_plus_ttttt/tracker_plus/install/armor_executor:/home/hdm/tracker_plus_ttttt/tracker_plus/install/armor_detector:/home/hdm/tracker_plus_ttttt/tracker_plus/install/buff_interfaces:/home/hdm/tracker_plus_ttttt/tracker_plus/install/auto_aim_interfaces:${AMENT_PREFIX_PATH} CMAKE_PREFIX_PATH=/home/hdm/tracker_plus_ttttt/tracker_plus/install/rm_buff:/home/hdm/tracker_plus_ttttt/tracker_plus/install/rm_auto_aim:/home/hdm/tracker_plus_ttttt/tracker_plus/install/buff_tracker:/home/hdm/tracker_plus_ttttt/tracker_plus/install/armor_tracker:/home/hdm/tracker_plus_ttttt/tracker_plus/install/rm_serial_driver:/home/hdm/tracker_plus_ttttt/tracker_plus/install/buff_executor:/home/hdm/tracker_plus_ttttt/tracker_plus/install/buff_detector:/home/hdm/tracker_plus_ttttt/tracker_plus/install/armor_executor:/home/hdm/tracker_plus_ttttt/tracker_plus/install/armor_detector:/home/hdm/tracker_plus_ttttt/tracker_plus/install/buff_interfaces:/home/hdm/tracker_plus_ttttt/tracker_plus/install/auto_aim_interfaces:/opt/ros/humble LD_LIBRARY_PATH=/home/hdm/tracker_plus_ttttt/tracker_plus/install/buff_tracker/lib:/home/hdm/tracker_plus_ttttt/tracker_plus/install/armor_tracker/lib:/home/hdm/tracker_plus_ttttt/tracker_plus/install/rm_serial_driver/lib:/home/hdm/tracker_plus_ttttt/tracker_plus/install/buff_executor/lib:/home/hdm/tracker_plus_ttttt/tracker_plus/install/buff_detector/lib:/home/hdm/tracker_plus_ttttt/tracker_plus/install/armor_executor/lib:/home/hdm/tracker_plus_ttttt/tracker_plus/install/armor_detector/lib:/home/hdm/tracker_plus_ttttt/tracker_plus/install/buff_interfaces/lib:/home/hdm/tracker_plus_ttttt/tracker_plus/install/auto_aim_interfaces/lib:${LD_LIBRARY_PATH} PYTHONPATH=/home/hdm/tracker_plus_ttttt/tracker_plus/install/buff_interfaces/local/lib/python3.10/dist-packages:/home/hdm/tracker_plus_ttttt/tracker_plus/install/auto_aim_interfaces/local/lib/python3.10/dist-packages:${PYTHONPATH} /usr/bin/cmake --install /home/hdm/tracker_plus_ttttt/tracker_plus/build/rm_vision_bringup[0m
[38.701s] [34mcolcon.colcon_core.environment[0m [1;30mLevel 1[0m checking '/home/hdm/tracker_plus_ttttt/tracker_plus/install/rm_vision_bringup' for CMake config files
[38.701s] [34mcolcon.colcon_core.shell[0m [1;30mLevel 1[0m create_environment_hook('rm_vision_bringup', 'cmake_prefix_path')
[38.701s] [34mcolcon.colcon_core.shell[0m [1;30mINFO[0m Creating environment hook '/home/hdm/tracker_plus_ttttt/tracker_plus/install/rm_vision_bringup/share/rm_vision_bringup/hook/cmake_prefix_path.ps1'
[38.702s] [34mcolcon.colcon_core.shell[0m [1;30mINFO[0m Creating environment descriptor '/home/hdm/tracker_plus_ttttt/tracker_plus/install/rm_vision_bringup/share/rm_vision_bringup/hook/cmake_prefix_path.dsv'
[38.702s] [34mcolcon.colcon_core.shell[0m [1;30mINFO[0m Creating environment hook '/home/hdm/tracker_plus_ttttt/tracker_plus/install/rm_vision_bringup/share/rm_vision_bringup/hook/cmake_prefix_path.sh'
[38.702s] [34mcolcon.colcon_core.environment[0m [1;30mLevel 1[0m checking '/home/hdm/tracker_plus_ttttt/tracker_plus/install/rm_vision_bringup/bin'
[38.702s] [34mcolcon.colcon_core.environment[0m [1;30mLevel 1[0m checking '/home/hdm/tracker_plus_ttttt/tracker_plus/install/rm_vision_bringup/lib/pkgconfig/rm_vision_bringup.pc'
[38.702s] [34mcolcon.colcon_core.environment[0m [1;30mLevel 1[0m checking '/home/hdm/tracker_plus_ttttt/tracker_plus/install/rm_vision_bringup/lib/python3.10/site-packages'
[38.702s] [34mcolcon.colcon_core.environment[0m [1;30mLevel 1[0m checking '/home/hdm/tracker_plus_ttttt/tracker_plus/install/rm_vision_bringup/bin'
[38.703s] [34mcolcon.colcon_core.shell[0m [1;30mINFO[0m Creating package script '/home/hdm/tracker_plus_ttttt/tracker_plus/install/rm_vision_bringup/share/rm_vision_bringup/package.ps1'
[38.703s] [34mcolcon.colcon_core.shell[0m [1;30mINFO[0m Creating package descriptor '/home/hdm/tracker_plus_ttttt/tracker_plus/install/rm_vision_bringup/share/rm_vision_bringup/package.dsv'
[38.703s] [34mcolcon.colcon_core.shell[0m [1;30mINFO[0m Creating package script '/home/hdm/tracker_plus_ttttt/tracker_plus/install/rm_vision_bringup/share/rm_vision_bringup/package.sh'
[38.703s] [34mcolcon.colcon_core.shell[0m [1;30mINFO[0m Creating package script '/home/hdm/tracker_plus_ttttt/tracker_plus/install/rm_vision_bringup/share/rm_vision_bringup/package.bash'
[38.703s] [34mcolcon.colcon_core.shell[0m [1;30mINFO[0m Creating package script '/home/hdm/tracker_plus_ttttt/tracker_plus/install/rm_vision_bringup/share/rm_vision_bringup/package.zsh'
[38.703s] [34mcolcon.colcon_core.environment[0m [1;30mLevel 1[0m create_file_with_runtime_dependencies(/home/hdm/tracker_plus_ttttt/tracker_plus/install/rm_vision_bringup/share/colcon-core/packages/rm_vision_bringup)
[38.704s] [34mcolcon.colcon_core.environment[0m [1;30mLevel 1[0m create_environment_scripts_only(rm_vision_bringup)
[38.704s] [34mcolcon.colcon_core.environment[0m [1;30mLevel 1[0m checking '/home/hdm/tracker_plus_ttttt/tracker_plus/install/rm_vision_bringup' for CMake module files
[38.704s] [34mcolcon.colcon_core.environment[0m [1;30mLevel 1[0m checking '/home/hdm/tracker_plus_ttttt/tracker_plus/install/rm_vision_bringup' for CMake config files
[38.704s] [34mcolcon.colcon_core.shell[0m [1;30mLevel 1[0m create_environment_hook('rm_vision_bringup', 'cmake_prefix_path')
[38.704s] [34mcolcon.colcon_core.shell[0m [1;30mINFO[0m Creating environment hook '/home/hdm/tracker_plus_ttttt/tracker_plus/install/rm_vision_bringup/share/rm_vision_bringup/hook/cmake_prefix_path.ps1'
[38.705s] [34mcolcon.colcon_core.shell[0m [1;30mINFO[0m Creating environment descriptor '/home/hdm/tracker_plus_ttttt/tracker_plus/install/rm_vision_bringup/share/rm_vision_bringup/hook/cmake_prefix_path.dsv'
[38.705s] [34mcolcon.colcon_core.shell[0m [1;30mINFO[0m Creating environment hook '/home/hdm/tracker_plus_ttttt/tracker_plus/install/rm_vision_bringup/share/rm_vision_bringup/hook/cmake_prefix_path.sh'
[38.705s] [34mcolcon.colcon_core.environment[0m [1;30mLevel 1[0m checking '/home/hdm/tracker_plus_ttttt/tracker_plus/install/rm_vision_bringup/bin'
[38.705s] [34mcolcon.colcon_core.environment[0m [1;30mLevel 1[0m checking '/home/hdm/tracker_plus_ttttt/tracker_plus/install/rm_vision_bringup/lib/pkgconfig/rm_vision_bringup.pc'
[38.705s] [34mcolcon.colcon_core.environment[0m [1;30mLevel 1[0m checking '/home/hdm/tracker_plus_ttttt/tracker_plus/install/rm_vision_bringup/lib/python3.10/site-packages'
[38.705s] [34mcolcon.colcon_core.environment[0m [1;30mLevel 1[0m checking '/home/hdm/tracker_plus_ttttt/tracker_plus/install/rm_vision_bringup/bin'
[38.705s] [34mcolcon.colcon_core.shell[0m [1;30mINFO[0m Creating package script '/home/hdm/tracker_plus_ttttt/tracker_plus/install/rm_vision_bringup/share/rm_vision_bringup/package.ps1'
[38.706s] [34mcolcon.colcon_core.shell[0m [1;30mINFO[0m Creating package descriptor '/home/hdm/tracker_plus_ttttt/tracker_plus/install/rm_vision_bringup/share/rm_vision_bringup/package.dsv'
[38.706s] [34mcolcon.colcon_core.shell[0m [1;30mINFO[0m Creating package script '/home/hdm/tracker_plus_ttttt/tracker_plus/install/rm_vision_bringup/share/rm_vision_bringup/package.sh'
[38.706s] [34mcolcon.colcon_core.shell[0m [1;30mINFO[0m Creating package script '/home/hdm/tracker_plus_ttttt/tracker_plus/install/rm_vision_bringup/share/rm_vision_bringup/package.bash'
[38.706s] [34mcolcon.colcon_core.shell[0m [1;30mINFO[0m Creating package script '/home/hdm/tracker_plus_ttttt/tracker_plus/install/rm_vision_bringup/share/rm_vision_bringup/package.zsh'
[38.706s] [34mcolcon.colcon_core.environment[0m [1;30mLevel 1[0m create_file_with_runtime_dependencies(/home/hdm/tracker_plus_ttttt/tracker_plus/install/rm_vision_bringup/share/colcon-core/packages/rm_vision_bringup)
[38.706s] [34mcolcon.colcon_parallel_executor.executor.parallel[0m [1;30mDEBUG[0m [32mclosing loop[0m
[38.707s] [34mcolcon.colcon_parallel_executor.executor.parallel[0m [1;30mDEBUG[0m [32mloop closed[0m
[38.707s] [34mcolcon.colcon_parallel_executor.executor.parallel[0m [1;30mDEBUG[0m [32mrun_until_complete finished with '0'[0m
[38.707s] [34mcolcon.colcon_core.event_reactor[0m [1;30mDEBUG[0m [32mjoining thread[0m
[38.715s] [34mcolcon.colcon_core.plugin_system[0m [1;30mINFO[0m Skipping extension 'colcon_notification.desktop_notification.terminal_notifier': Not used on non-Darwin systems
[38.715s] [34mcolcon.colcon_core.plugin_system[0m [1;30mINFO[0m Skipping extension 'colcon_notification.desktop_notification.win32': Not used on non-Windows systems
[38.715s] [34mcolcon.colcon_notification.desktop_notification[0m [1;30mINFO[0m Sending desktop notification using 'notify2'
[38.752s] [34mcolcon.colcon_core.event_reactor[0m [1;30mDEBUG[0m [32mjoined thread[0m
[38.752s] [34mcolcon.colcon_core.shell[0m [1;30mINFO[0m Creating prefix script '/home/hdm/tracker_plus_ttttt/tracker_plus/install/local_setup.ps1'
[38.752s] [34mcolcon.colcon_core.shell[0m [1;30mINFO[0m Creating prefix util module '/home/hdm/tracker_plus_ttttt/tracker_plus/install/_local_setup_util_ps1.py'
[38.753s] [34mcolcon.colcon_core.shell[0m [1;30mINFO[0m Creating prefix chain script '/home/hdm/tracker_plus_ttttt/tracker_plus/install/setup.ps1'
[38.754s] [34mcolcon.colcon_core.shell[0m [1;30mINFO[0m Creating prefix script '/home/hdm/tracker_plus_ttttt/tracker_plus/install/local_setup.sh'
[38.754s] [34mcolcon.colcon_core.shell[0m [1;30mINFO[0m Creating prefix util module '/home/hdm/tracker_plus_ttttt/tracker_plus/install/_local_setup_util_sh.py'
[38.754s] [34mcolcon.colcon_core.shell[0m [1;30mINFO[0m Creating prefix chain script '/home/hdm/tracker_plus_ttttt/tracker_plus/install/setup.sh'
[38.755s] [34mcolcon.colcon_core.shell[0m [1;30mINFO[0m Creating prefix script '/home/hdm/tracker_plus_ttttt/tracker_plus/install/local_setup.bash'
[38.755s] [34mcolcon.colcon_core.shell[0m [1;30mINFO[0m Creating prefix chain script '/home/hdm/tracker_plus_ttttt/tracker_plus/install/setup.bash'
[38.756s] [34mcolcon.colcon_core.shell[0m [1;30mINFO[0m Creating prefix script '/home/hdm/tracker_plus_ttttt/tracker_plus/install/local_setup.zsh'
[38.756s] [34mcolcon.colcon_core.shell[0m [1;30mINFO[0m Creating prefix chain script '/home/hdm/tracker_plus_ttttt/tracker_plus/install/setup.zsh'
